Sub-network,Date,Model Parameters,Latency (ms),MACs,Top-1 Acc (%)
"{'wid': None, 'ks': [5, 7, 5, 5, 3, 3, 3, 7, 5, 5, 3, 7, 7, 3, 3, 3, 5, 5, 5, 5], 'e': [4, 3, 4, 4, 4, 6, 3, 4, 4, 3, 4, 3, 3, 6, 6, 6, 4, 3, 4, 4], 'd': [2, 3, 2, 4, 3], 'r': [224]}",2022-11-01 05:40:09.265694,5029656,0,255502624,75.448
"{'wid': None, 'ks': [5, 5, 5, 5, 3, 7, 7, 7, 7, 5, 7, 3, 3, 3, 5, 5, 5, 7, 5, 5], 'e': [4, 3, 6, 3, 6, 6, 3, 3, 6, 4, 4, 6, 3, 4, 3, 6, 4, 4, 3, 4], 'd': [3, 3, 3, 4, 3], 'r': [224]}",2022-11-01 05:42:03.079087,4761632,0,297261792,76.042
"{'wid': None, 'ks': [3, 5, 7, 5, 7, 5, 5, 5, 3, 3, 3, 5, 5, 5, 7, 3, 5, 7, 3, 3], 'e': [4, 3, 6, 6, 4, 6, 6, 3, 6, 4, 6, 6, 4, 3, 3, 4, 6, 6, 3, 4], 'd': [3, 2, 2, 3, 4], 'r': [224]}",2022-11-01 05:43:45.990564,5215592,0,261675008,75.696
"{'wid': None, 'ks': [5, 5, 5, 5, 7, 7, 5, 5, 5, 5, 3, 5, 5, 3, 5, 7, 3, 3, 5, 7], 'e': [3, 4, 6, 3, 4, 4, 4, 4, 4, 3, 6, 4, 3, 3, 4, 4, 3, 4, 3, 4], 'd': [2, 3, 3, 4, 2], 'r': [224]}",2022-11-01 05:45:11.203685,4148784,0,228096016,74.884
"{'wid': None, 'ks': [5, 3, 7, 7, 5, 5, 7, 5, 5, 3, 3, 7, 7, 5, 5, 5, 5, 7, 7, 7], 'e': [4, 3, 3, 6, 4, 3, 3, 4, 3, 3, 4, 4, 4, 3, 4, 3, 4, 4, 4, 6], 'd': [3, 3, 2, 3, 3], 'r': [224]}",2022-11-01 05:46:38.467308,4415648,0,217395872,74.936
"{'wid': None, 'ks': [3, 7, 5, 7, 5, 7, 5, 5, 5, 3, 5, 5, 3, 5, 3, 7, 7, 7, 5, 3], 'e': [6, 4, 6, 6, 6, 4, 4, 6, 4, 3, 4, 6, 4, 4, 3, 4, 6, 3, 4, 6], 'd': [3, 3, 3, 3, 3], 'r': [224]}",2022-11-01 05:48:28.180038,4549752,0,278975616,75.722
"{'wid': None, 'ks': [7, 7, 7, 7, 5, 5, 7, 5, 5, 7, 7, 5, 5, 3, 5, 3, 5, 5, 5, 5], 'e': [3, 3, 6, 4, 3, 4, 6, 3, 4, 3, 3, 4, 4, 4, 4, 6, 4, 4, 6, 4], 'd': [3, 2, 2, 4, 4], 'r': [224]}",2022-11-01 05:50:20.770570,5631256,0,287050816,75.844
"{'wid': None, 'ks': [5, 5, 3, 3, 5, 5, 5, 5, 5, 7, 5, 5, 5, 5, 3, 5, 7, 3, 3, 3], 'e': [3, 6, 4, 4, 3, 4, 4, 3, 4, 4, 4, 4, 3, 4, 4, 4, 6, 4, 3, 3], 'd': [3, 2, 3, 4, 3], 'r': [224]}",2022-11-01 05:51:53.371346,4741368,0,257867072,75.918
"{'wid': None, 'ks': [5, 5, 5, 5, 7, 5, 7, 7, 3, 3, 3, 3, 3, 5, 3, 5, 7, 3, 7, 5], 'e': [3, 4, 4, 6, 4, 6, 4, 3, 6, 6, 6, 4, 4, 6, 4, 6, 6, 4, 6, 6], 'd': [2, 4, 3, 4, 3], 'r': [224]}",2022-11-01 05:53:37.996430,5810336,0,314487072,76.552
"{'wid': None, 'ks': [7, 5, 3, 7, 3, 5, 7, 7, 5, 5, 5, 5, 5, 5, 7, 7, 7, 3, 5, 3], 'e': [4, 4, 6, 4, 3, 3, 6, 4, 3, 3, 4, 3, 6, 4, 3, 3, 6, 4, 4, 6], 'd': [4, 4, 4, 3, 2], 'r': [224]}",2022-11-01 05:55:48.888237,4449368,0,311615936,75.664
"{'wid': None, 'ks': [7, 5, 5, 7, 3, 5, 3, 5, 3, 3, 3, 5, 5, 5, 7, 5, 5, 7, 3, 7], 'e': [3, 6, 3, 6, 4, 6, 3, 4, 6, 4, 4, 4, 4, 4, 4, 6, 3, 4, 6, 6], 'd': [3, 3, 3, 2, 3], 'r': [224]}",2022-11-01 05:57:21.483090,4643824,0,236361552,74.874
"{'wid': None, 'ks': [5, 5, 3, 7, 7, 5, 5, 5, 7, 5, 3, 7, 7, 7, 5, 5, 5, 7, 7, 3], 'e': [3, 4, 6, 6, 3, 4, 4, 6, 6, 6, 4, 4, 4, 3, 6, 6, 6, 6, 4, 6], 'd': [4, 4, 2, 3, 2], 'r': [224]}",2022-11-01 05:59:33.157431,4892968,0,321718112,75.83
"{'wid': None, 'ks': [7, 5, 3, 5, 5, 5, 3, 5, 5, 7, 5, 7, 5, 5, 7, 5, 3, 3, 7, 5], 'e': [4, 3, 3, 3, 4, 4, 4, 4, 6, 4, 4, 6, 4, 4, 6, 6, 3, 6, 4, 4], 'd': [3, 4, 3, 3, 3], 'r': [224]}",2022-11-01 06:01:16.781960,5082200,0,273905744,75.962
"{'wid': None, 'ks': [3, 3, 3, 3, 3, 3, 5, 3, 5, 7, 5, 5, 3, 3, 3, 3, 5, 3, 3, 3], 'e': [4, 3, 4, 4, 4, 3, 6, 4, 3, 6, 6, 3, 4, 6, 4, 3, 3, 4, 4, 4], 'd': [3, 3, 3, 2, 3], 'r': [224]}",2022-11-01 06:02:31.666799,4482528,0,227454896,74.76
"{'wid': None, 'ks': [5, 7, 5, 5, 3, 5, 5, 3, 5, 5, 3, 5, 3, 5, 3, 7, 5, 5, 7, 5], 'e': [3, 4, 4, 4, 4, 3, 4, 4, 4, 4, 4, 6, 4, 3, 3, 3, 3, 3, 3, 4], 'd': [2, 4, 2, 3, 3], 'r': [224]}",2022-11-01 06:03:51.477749,3997112,0,203785744,74.492
"{'wid': None, 'ks': [7, 3, 5, 7, 7, 7, 5, 3, 5, 7, 5, 5, 5, 7, 3, 5, 5, 5, 3, 3], 'e': [4, 4, 4, 3, 4, 4, 3, 4, 3, 3, 6, 4, 6, 4, 4, 6, 4, 4, 4, 4], 'd': [4, 4, 4, 2, 3], 'r': [224]}",2022-11-01 06:05:50.755213,4544840,0,285410272,75.59
"{'wid': None, 'ks': [7, 3, 3, 5, 5, 7, 3, 7, 3, 3, 3, 7, 5, 5, 5, 7, 5, 7, 5, 5], 'e': [4, 4, 4, 4, 3, 6, 4, 4, 6, 4, 3, 6, 4, 4, 3, 6, 4, 4, 6, 6], 'd': [2, 3, 2, 3, 2], 'r': [224]}",2022-11-01 06:07:12.263189,4029600,0,209868864,74.63
"{'wid': None, 'ks': [5, 7, 7, 5, 7, 3, 7, 3, 5, 7, 3, 3, 5, 5, 5, 5, 5, 5, 5, 3], 'e': [6, 4, 4, 4, 6, 3, 4, 4, 4, 3, 6, 6, 4, 4, 6, 4, 3, 4, 4, 4], 'd': [3, 4, 4, 3, 2], 'r': [224]}",2022-11-01 06:09:17.674451,4368304,0,309639312,75.44
"{'wid': None, 'ks': [7, 7, 3, 7, 7, 5, 5, 5, 3, 5, 7, 3, 5, 5, 5, 7, 5, 5, 5, 5], 'e': [3, 4, 3, 3, 4, 4, 6, 4, 4, 4, 3, 4, 3, 6, 3, 4, 3, 6, 4, 4], 'd': [2, 3, 2, 4, 2], 'r': [224]}",2022-11-01 06:10:55.270399,4675968,0,247568528,75.178
"{'wid': None, 'ks': [3, 3, 5, 5, 3, 7, 5, 5, 5, 5, 5, 3, 3, 7, 7, 5, 5, 5, 5, 3], 'e': [3, 4, 4, 3, 3, 3, 4, 3, 3, 6, 3, 4, 3, 3, 3, 4, 6, 6, 4, 4], 'd': [2, 3, 4, 2, 2], 'r': [224]}",2022-11-01 06:12:02.384890,4408160,0,193971712,74.374
"{'wid': None, 'ks': [3, 3, 3, 5, 5, 7, 7, 5, 5, 5, 5, 5, 5, 5, 5, 5, 5, 7, 7, 3], 'e': [6, 4, 6, 6, 4, 3, 4, 4, 4, 4, 3, 6, 6, 4, 3, 4, 3, 6, 3, 4], 'd': [3, 3, 3, 4, 2], 'r': [224]}",2022-11-01 06:13:37.865549,4665520,0,270867728,75.548
"{'wid': None, 'ks': [3, 3, 7, 7, 5, 5, 5, 3, 7, 5, 5, 5, 3, 3, 5, 3, 5, 3, 5, 5], 'e': [4, 4, 4, 4, 4, 4, 6, 4, 3, 3, 4, 4, 3, 4, 4, 4, 6, 3, 3, 4], 'd': [3, 3, 3, 2, 4], 'r': [224]}",2022-11-01 06:15:06.170362,4619800,0,236720704,75.192
"{'wid': None, 'ks': [7, 5, 5, 5, 5, 3, 7, 3, 7, 5, 3, 5, 7, 5, 7, 5, 5, 7, 3, 5], 'e': [3, 6, 6, 3, 4, 6, 3, 4, 6, 3, 4, 4, 6, 6, 6, 4, 6, 6, 4, 6], 'd': [2, 3, 2, 2, 2], 'r': [224]}",2022-11-01 06:16:37.566032,4740248,0,232098144,74.802
"{'wid': None, 'ks': [5, 5, 5, 3, 5, 5, 7, 5, 5, 7, 5, 3, 3, 7, 3, 7, 5, 7, 7, 7], 'e': [4, 6, 4, 4, 4, 6, 6, 6, 4, 4, 4, 3, 3, 4, 4, 4, 3, 3, 3, 6], 'd': [3, 3, 3, 2, 4], 'r': [224]}",2022-11-01 06:18:28.073128,4853688,0,266774416,75.066
"{'wid': None, 'ks': [7, 3, 5, 7, 7, 5, 5, 3, 7, 3, 7, 5, 5, 5, 3, 3, 3, 3, 7, 5], 'e': [3, 6, 6, 6, 6, 3, 4, 6, 4, 3, 6, 3, 3, 4, 4, 4, 3, 6, 4, 3], 'd': [4, 4, 4, 4, 3], 'r': [224]}",2022-11-01 06:20:50.195669,5152000,0,360979152,76.256
"{'wid': None, 'ks': [5, 3, 5, 5, 5, 5, 5, 3, 3, 5, 3, 7, 5, 5, 5, 7, 5, 5, 5, 5], 'e': [6, 6, 4, 6, 6, 4, 6, 4, 4, 4, 6, 3, 6, 6, 3, 6, 3, 4, 4, 3], 'd': [4, 4, 3, 2, 3], 'r': [224]}",2022-11-01 06:22:54.953483,4645080,0,318903248,75.386
"{'wid': None, 'ks': [5, 7, 5, 5, 5, 5, 7, 3, 7, 5, 7, 5, 5, 7, 3, 7, 5, 3, 5, 5], 'e': [3, 4, 4, 4, 3, 6, 6, 6, 4, 3, 6, 3, 3, 4, 4, 6, 4, 4, 4, 6], 'd': [3, 3, 2, 4, 3], 'r': [224]}",2022-11-01 06:24:47.674278,4905000,0,286204224,75.814
"{'wid': None, 'ks': [3, 3, 5, 5, 5, 7, 3, 5, 7, 5, 5, 5, 5, 7, 5, 7, 3, 3, 3, 5], 'e': [4, 6, 4, 6, 3, 6, 6, 6, 6, 6, 4, 3, 3, 6, 4, 6, 4, 3, 3, 4], 'd': [3, 2, 3, 2, 3], 'r': [224]}",2022-11-01 06:26:17.478565,4230632,0,239427840,74.888
"{'wid': None, 'ks': [5, 7, 5, 5, 3, 3, 5, 5, 5, 5, 5, 7, 7, 3, 5, 3, 3, 7, 3, 5], 'e': [4, 4, 4, 3, 4, 4, 3, 4, 3, 3, 4, 3, 4, 4, 6, 3, 3, 3, 4, 4], 'd': [2, 4, 2, 3, 3], 'r': [224]}",2022-11-01 06:27:44.879467,4439936,0,230736080,74.904
"{'wid': None, 'ks': [7, 5, 7, 5, 7, 3, 7, 5, 7, 5, 5, 5, 5, 3, 3, 3, 3, 7, 3, 7], 'e': [4, 3, 6, 4, 4, 4, 4, 3, 6, 6, 4, 3, 4, 3, 3, 4, 4, 6, 4, 4], 'd': [3, 3, 3, 4, 2], 'r': [224]}",2022-11-01 06:29:43.505549,4621992,0,288648768,75.744
"{'wid': None, 'ks': [7, 5, 5, 5, 5, 7, 7, 5, 5, 5, 7, 3, 5, 5, 5, 3, 5, 7, 3, 3], 'e': [6, 3, 6, 4, 3, 6, 4, 4, 4, 4, 3, 4, 6, 4, 4, 4, 6, 3, 6, 4], 'd': [2, 2, 2, 3, 3], 'r': [224]}",2022-11-01 06:31:19.879860,4996256,0,241767744,75.42
"{'wid': None, 'ks': [7, 5, 3, 5, 5, 3, 3, 3, 5, 5, 5, 7, 7, 5, 7, 3, 3, 5, 3, 5], 'e': [6, 3, 3, 4, 6, 4, 4, 3, 3, 6, 6, 3, 6, 4, 6, 4, 4, 4, 4, 3], 'd': [2, 3, 3, 2, 3], 'r': [224]}",2022-11-01 06:32:54.764654,4487048,0,239727392,75.002
"{'wid': None, 'ks': [7, 3, 5, 5, 7, 3, 5, 7, 7, 5, 5, 5, 7, 5, 3, 7, 5, 5, 3, 5], 'e': [4, 4, 3, 4, 6, 3, 6, 4, 6, 6, 4, 4, 6, 4, 4, 4, 6, 6, 6, 4], 'd': [4, 2, 3, 2, 3], 'r': [224]}",2022-11-01 06:34:42.654689,5388776,0,273917792,75.68
"{'wid': None, 'ks': [5, 5, 5, 5, 5, 3, 5, 3, 3, 5, 5, 5, 5, 5, 7, 5, 5, 3, 5, 5], 'e': [4, 4, 4, 4, 6, 6, 4, 6, 3, 3, 3, 4, 6, 3, 6, 3, 6, 4, 3, 4], 'd': [3, 3, 3, 4, 3], 'r': [224]}",2022-11-01 06:36:28.548251,4958464,0,287964896,76.172
"{'wid': None, 'ks': [5, 5, 5, 5, 5, 3, 3, 5, 3, 5, 5, 3, 5, 5, 7, 5, 7, 5, 3, 5], 'e': [6, 4, 6, 6, 3, 3, 4, 4, 6, 6, 4, 3, 6, 4, 6, 4, 4, 3, 4, 4], 'd': [3, 2, 3, 4, 2], 'r': [224]}",2022-11-01 06:38:20.681442,4499032,0,291022432,75.384
"{'wid': None, 'ks': [3, 3, 5, 5, 5, 3, 5, 5, 5, 7, 3, 5, 5, 5, 5, 5, 7, 3, 3, 5], 'e': [4, 4, 3, 3, 6, 3, 4, 3, 4, 3, 4, 3, 6, 3, 4, 6, 4, 4, 4, 4], 'd': [3, 4, 3, 3, 3], 'r': [224]}",2022-11-01 06:39:47.954776,4574032,0,246482880,75.714
"{'wid': None, 'ks': [5, 3, 5, 7, 3, 5, 3, 5, 3, 5, 7, 5, 5, 7, 7, 3, 5, 3, 7, 7], 'e': [4, 6, 4, 4, 3, 6, 3, 6, 6, 4, 3, 4, 4, 4, 3, 6, 4, 4, 4, 4], 'd': [3, 3, 4, 3, 4], 'r': [224]}",2022-11-01 06:41:28.982096,5022168,0,275818880,76.104
"{'wid': None, 'ks': [7, 3, 7, 3, 7, 5, 7, 7, 7, 7, 5, 3, 5, 3, 5, 5, 7, 5, 7, 3], 'e': [6, 6, 4, 4, 6, 3, 4, 4, 3, 4, 3, 3, 3, 6, 4, 6, 4, 4, 4, 4], 'd': [2, 3, 2, 3, 3], 'r': [224]}",2022-11-01 06:43:09.797025,4662920,0,254781536,75.368
"{'wid': None, 'ks': [3, 3, 7, 5, 3, 7, 3, 5, 7, 3, 3, 3, 5, 3, 5, 3, 5, 7, 7, 5], 'e': [4, 4, 4, 4, 3, 6, 4, 3, 4, 4, 6, 4, 6, 3, 4, 4, 3, 4, 6, 3], 'd': [3, 2, 2, 2, 4], 'r': [224]}",2022-11-01 06:44:35.592295,4912112,0,222697008,74.394
"{'wid': None, 'ks': [7, 7, 5, 3, 5, 5, 7, 3, 5, 3, 5, 5, 5, 5, 5, 5, 7, 7, 7, 7], 'e': [4, 4, 4, 4, 6, 3, 6, 4, 4, 4, 6, 4, 4, 3, 4, 3, 4, 4, 4, 3], 'd': [2, 3, 2, 2, 2], 'r': [224]}",2022-11-01 06:46:07.065544,3829512,0,204876160,73.716
"{'wid': None, 'ks': [7, 5, 5, 5, 5, 7, 5, 3, 3, 3, 5, 7, 5, 3, 3, 7, 5, 7, 5, 5], 'e': [3, 3, 4, 6, 4, 4, 3, 6, 6, 4, 6, 4, 4, 4, 6, 4, 3, 4, 6, 3], 'd': [3, 3, 3, 3, 4], 'r': [224]}",2022-11-01 06:47:45.994463,5333992,0,269786672,76.098
"{'wid': None, 'ks': [3, 3, 3, 7, 5, 5, 7, 7, 7, 7, 5, 7, 5, 7, 5, 7, 5, 3, 5, 7], 'e': [6, 3, 3, 3, 4, 6, 3, 4, 6, 4, 4, 4, 4, 4, 4, 4, 6, 4, 6, 3], 'd': [3, 2, 2, 3, 4], 'r': [224]}",2022-11-01 06:49:11.578975,5364304,0,250800256,75.89
"{'wid': None, 'ks': [3, 5, 7, 3, 5, 5, 5, 3, 5, 7, 5, 3, 7, 3, 5, 3, 7, 5, 5, 3], 'e': [4, 6, 6, 4, 4, 4, 6, 4, 4, 4, 4, 3, 4, 4, 6, 3, 4, 4, 4, 3], 'd': [3, 3, 3, 3, 3], 'r': [224]}",2022-11-01 06:51:11.580318,4789696,0,300144320,76.064
"{'wid': None, 'ks': [7, 5, 7, 5, 3, 3, 5, 7, 5, 7, 5, 5, 3, 5, 5, 3, 3, 5, 5, 7], 'e': [6, 4, 4, 4, 6, 3, 4, 6, 4, 4, 4, 3, 4, 4, 3, 3, 6, 4, 4, 4], 'd': [4, 3, 3, 4, 4], 'r': [224]}",2022-11-01 06:53:24.276199,5263056,0,326691744,76.434
"{'wid': None, 'ks': [3, 7, 5, 5, 3, 3, 5, 5, 5, 5, 7, 3, 5, 3, 7, 5, 7, 3, 3, 5], 'e': [4, 3, 6, 3, 4, 6, 4, 6, 3, 4, 3, 3, 6, 3, 4, 4, 4, 6, 3, 4], 'd': [4, 3, 4, 2, 3], 'r': [224]}",2022-11-01 06:55:07.905138,4627832,0,262033536,75.134
"{'wid': None, 'ks': [5, 5, 7, 5, 5, 3, 5, 5, 7, 5, 5, 3, 3, 3, 5, 7, 5, 5, 3, 7], 'e': [4, 3, 4, 4, 3, 4, 4, 3, 6, 6, 4, 4, 4, 4, 4, 3, 4, 6, 4, 3], 'd': [4, 2, 3, 2, 3], 'r': [224]}",2022-11-01 06:56:49.074869,4702192,0,248110144,75.13
"{'wid': None, 'ks': [7, 5, 3, 7, 7, 7, 3, 5, 7, 7, 3, 3, 5, 7, 5, 5, 3, 5, 7, 5], 'e': [6, 6, 3, 4, 4, 6, 4, 4, 6, 4, 6, 4, 3, 4, 6, 4, 6, 6, 4, 6], 'd': [2, 2, 2, 4, 3], 'r': [224]}",2022-11-01 06:58:47.047354,5456768,0,297922528,76.072
"{'wid': None, 'ks': [3, 5, 5, 3, 7, 7, 5, 7, 5, 7, 5, 5, 3, 7, 5, 3, 3, 5, 5, 5], 'e': [6, 3, 4, 3, 6, 6, 4, 4, 4, 4, 6, 4, 4, 4, 6, 4, 3, 4, 6, 3], 'd': [2, 2, 3, 3, 3], 'r': [224]}",2022-11-01 07:00:19.279914,5073640,0,257864336,75.432
"{'wid': None, 'ks': [5, 5, 5, 7, 5, 7, 5, 3, 5, 5, 5, 3, 3, 7, 3, 7, 5, 5, 5, 5], 'e': [4, 3, 3, 4, 4, 6, 6, 6, 6, 4, 4, 6, 4, 4, 3, 4, 4, 6, 4, 4], 'd': [4, 2, 3, 2, 3], 'r': [224]}",2022-11-01 07:02:07.864090,4730976,0,255856320,75.222
"{'wid': None, 'ks': [7, 5, 7, 5, 7, 7, 7, 3, 7, 5, 5, 7, 5, 7, 3, 5, 5, 3, 3, 3], 'e': [4, 4, 4, 4, 4, 4, 3, 6, 6, 4, 4, 6, 3, 3, 3, 6, 3, 4, 6, 6], 'd': [3, 2, 4, 3, 2], 'r': [224]}",2022-11-01 07:03:57.180862,3961808,0,250417360,74.716
"{'wid': None, 'ks': [5, 3, 3, 7, 7, 5, 3, 5, 7, 7, 3, 3, 5, 7, 5, 3, 3, 5, 7, 5], 'e': [4, 6, 3, 4, 4, 6, 3, 4, 6, 4, 3, 4, 3, 4, 6, 4, 4, 4, 4, 4], 'd': [2, 2, 2, 3, 3], 'r': [224]}",2022-11-01 07:05:21.998828,4672072,0,233088448,75.23
"{'wid': None, 'ks': [5, 5, 3, 5, 3, 3, 7, 3, 5, 5, 3, 3, 5, 5, 5, 5, 5, 3, 5, 3], 'e': [6, 4, 4, 4, 3, 3, 4, 4, 4, 3, 6, 6, 4, 4, 6, 3, 3, 4, 4, 4], 'd': [3, 4, 4, 3, 2], 'r': [224]}",2022-11-01 07:07:01.892452,4326704,0,276032144,75.17
"{'wid': None, 'ks': [7, 5, 7, 3, 3, 3, 5, 7, 5, 7, 5, 5, 3, 5, 5, 3, 7, 5, 5, 7], 'e': [6, 6, 4, 4, 4, 4, 6, 6, 4, 4, 4, 3, 4, 4, 3, 3, 4, 4, 4, 4], 'd': [4, 3, 3, 4, 4], 'r': [224]}",2022-11-01 07:09:16.881702,5118536,0,330779968,76.364
"{'wid': None, 'ks': [5, 5, 5, 5, 3, 7, 7, 7, 7, 7, 7, 3, 5, 3, 7, 5, 3, 7, 7, 5], 'e': [4, 3, 3, 3, 4, 6, 3, 3, 6, 4, 4, 6, 3, 4, 3, 6, 4, 6, 3, 4], 'd': [3, 3, 3, 3, 3], 'r': [224]}",2022-11-01 07:10:56.974281,4748240,0,252386976,75.58
"{'wid': None, 'ks': [5, 7, 5, 7, 5, 5, 7, 3, 7, 5, 7, 5, 5, 7, 3, 3, 5, 3, 5, 5], 'e': [3, 4, 4, 4, 3, 6, 6, 6, 4, 3, 6, 3, 3, 4, 4, 6, 4, 4, 4, 6], 'd': [3, 3, 2, 4, 3], 'r': [224]}",2022-11-01 07:12:45.094224,4878120,0,280935744,75.786
"{'wid': None, 'ks': [7, 3, 5, 5, 7, 3, 5, 5, 7, 3, 5, 5, 5, 3, 3, 3, 3, 7, 3, 7], 'e': [4, 3, 6, 4, 4, 4, 4, 3, 6, 3, 4, 3, 3, 3, 3, 4, 4, 6, 4, 3], 'd': [3, 3, 3, 4, 2], 'r': [224]}",2022-11-01 07:14:25.083430,4526088,0,258309440,75.464
"{'wid': None, 'ks': [3, 5, 5, 5, 5, 7, 5, 3, 5, 3, 5, 5, 3, 5, 3, 7, 5, 7, 5, 3], 'e': [3, 3, 6, 6, 6, 4, 4, 6, 4, 3, 4, 6, 4, 4, 3, 4, 3, 3, 4, 6], 'd': [3, 3, 3, 3, 3], 'r': [224]}",2022-11-01 07:15:57.671200,4258720,0,240276144,75.084
"{'wid': None, 'ks': [3, 3, 7, 7, 5, 5, 5, 3, 7, 5, 5, 5, 3, 3, 5, 3, 5, 3, 5, 5], 'e': [4, 4, 4, 4, 4, 4, 6, 4, 3, 3, 4, 3, 3, 4, 3, 4, 6, 3, 3, 4], 'd': [3, 3, 3, 2, 4], 'r': [224]}",2022-11-01 07:17:25.867694,4619800,0,236720704,75.192
"{'wid': None, 'ks': [5, 7, 5, 5, 3, 5, 5, 3, 5, 5, 3, 5, 3, 5, 3, 5, 5, 5, 7, 3], 'e': [3, 4, 4, 4, 4, 3, 4, 4, 4, 4, 4, 4, 4, 3, 3, 3, 3, 3, 3, 4], 'd': [2, 4, 2, 3, 2], 'r': [224]}",2022-11-01 07:18:43.161185,3701952,0,194991664,73.856
"{'wid': None, 'ks': [5, 5, 3, 3, 5, 5, 5, 5, 5, 7, 5, 5, 5, 5, 3, 5, 7, 3, 3, 3], 'e': [3, 6, 4, 4, 3, 4, 4, 3, 4, 4, 4, 3, 3, 4, 4, 4, 3, 4, 3, 3], 'd': [3, 2, 3, 2, 3], 'r': [224]}",2022-11-01 07:20:04.277105,4043304,0,204359408,74.246
"{'wid': None, 'ks': [5, 5, 5, 5, 5, 3, 5, 3, 3, 5, 5, 3, 5, 5, 7, 5, 5, 3, 3, 5], 'e': [4, 4, 4, 4, 3, 6, 4, 4, 3, 3, 3, 3, 6, 3, 6, 3, 4, 4, 3, 4], 'd': [3, 2, 3, 4, 2], 'r': [224]}",2022-11-01 07:21:38.413069,4436312,0,250381856,75.258
"{'wid': None, 'ks': [5, 5, 5, 5, 7, 5, 7, 7, 3, 3, 3, 3, 3, 3, 3, 5, 7, 3, 5, 5], 'e': [3, 3, 4, 6, 4, 6, 3, 3, 6, 6, 4, 4, 4, 6, 3, 6, 4, 4, 3, 4], 'd': [2, 3, 3, 4, 3], 'r': [224]}",2022-11-01 07:23:04.555024,4932520,0,263309344,75.762
"{'wid': None, 'ks': [7, 3, 3, 7, 7, 7, 3, 5, 7, 7, 3, 3, 5, 7, 3, 5, 3, 5, 3, 5], 'e': [6, 6, 3, 4, 4, 6, 4, 4, 3, 3, 6, 4, 3, 4, 6, 4, 6, 6, 4, 6], 'd': [2, 2, 2, 2, 3], 'r': [224]}",2022-11-01 07:24:36.189004,4779712,0,224381760,74.626
"{'wid': None, 'ks': [7, 3, 5, 7, 7, 5, 5, 7, 7, 7, 7, 5, 5, 5, 3, 5, 7, 3, 7, 5], 'e': [3, 6, 4, 6, 6, 3, 4, 6, 4, 3, 6, 3, 3, 4, 4, 6, 3, 4, 4, 3], 'd': [4, 4, 4, 4, 3], 'r': [224]}",2022-11-01 07:27:04.060459,5007544,0,367104912,76.402
"{'wid': None, 'ks': [3, 5, 7, 3, 5, 5, 5, 3, 5, 3, 5, 5, 7, 3, 5, 3, 7, 5, 5, 3], 'e': [4, 6, 6, 4, 4, 6, 6, 3, 6, 4, 4, 6, 4, 4, 6, 3, 4, 4, 4, 3], 'd': [3, 3, 3, 3, 3], 'r': [224]}",2022-11-01 07:29:04.172407,4815560,0,308394240,76.062
"{'wid': None, 'ks': [3, 3, 5, 5, 5, 3, 5, 5, 3, 7, 3, 5, 5, 5, 5, 5, 7, 3, 3, 5], 'e': [4, 4, 3, 3, 6, 6, 4, 6, 4, 3, 3, 3, 6, 3, 4, 3, 4, 4, 4, 4], 'd': [3, 4, 3, 4, 3], 'r': [224]}",2022-11-01 07:30:39.787597,4773048,0,278086080,76.124
"{'wid': None, 'ks': [3, 5, 5, 5, 5, 5, 7, 3, 3, 3, 3, 3, 3, 3, 3, 5, 5, 3, 5, 5], 'e': [3, 4, 4, 4, 4, 4, 4, 3, 3, 6, 4, 4, 3, 6, 4, 6, 6, 3, 6, 4], 'd': [2, 4, 3, 2, 3], 'r': [224]}",2022-11-01 07:31:54.950893,4897920,0,225299808,75.016
"{'wid': None, 'ks': [7, 5, 7, 5, 7, 3, 7, 7, 5, 5, 5, 5, 5, 5, 7, 3, 7, 7, 5, 3], 'e': [4, 4, 6, 4, 3, 3, 4, 4, 3, 3, 4, 3, 6, 4, 3, 3, 6, 4, 4, 6], 'd': [4, 4, 4, 3, 2], 'r': [224]}",2022-11-01 07:34:13.148031,4450720,0,316352192,75.684
"{'wid': None, 'ks': [7, 3, 7, 7, 3, 5, 7, 5, 5, 5, 7, 5, 5, 3, 7, 3, 5, 3, 5, 7], 'e': [3, 3, 6, 4, 3, 4, 6, 3, 4, 3, 3, 4, 4, 4, 4, 6, 4, 4, 6, 4], 'd': [3, 2, 2, 4, 4], 'r': [224]}",2022-11-01 07:35:55.302025,5637336,0,278345280,75.792
"{'wid': None, 'ks': [7, 5, 3, 5, 5, 5, 3, 3, 5, 7, 5, 7, 5, 3, 7, 5, 3, 3, 5, 5], 'e': [3, 3, 3, 3, 4, 4, 3, 4, 6, 4, 4, 6, 4, 4, 6, 6, 3, 6, 4, 3], 'd': [3, 4, 3, 3, 3], 'r': [224]}",2022-11-01 07:37:28.862630,5046736,0,260070864,75.78
"{'wid': None, 'ks': [3, 3, 3, 3, 3, 3, 5, 3, 5, 5, 5, 5, 3, 3, 3, 3, 5, 3, 3, 5], 'e': [4, 4, 4, 4, 4, 3, 6, 4, 3, 6, 6, 3, 4, 6, 4, 3, 3, 4, 4, 4], 'd': [3, 3, 3, 4, 3], 'r': [224]}",2022-11-01 07:38:49.366718,4819200,0,265450224,75.756
"{'wid': None, 'ks': [3, 5, 3, 7, 5, 5, 5, 5, 5, 7, 5, 7, 5, 7, 5, 5, 5, 3, 5, 3], 'e': [6, 6, 4, 3, 4, 6, 3, 4, 6, 4, 4, 4, 4, 4, 4, 4, 6, 4, 3, 3], 'd': [3, 2, 2, 4, 4], 'r': [224]}",2022-11-01 07:40:30.347973,5048264,0,286620576,76.194
"{'wid': None, 'ks': [5, 7, 5, 5, 5, 5, 5, 3, 7, 5, 3, 5, 5, 7, 3, 7, 5, 3, 5, 3], 'e': [3, 4, 4, 4, 3, 6, 6, 6, 4, 3, 4, 3, 3, 4, 4, 6, 4, 4, 4, 6], 'd': [3, 3, 2, 4, 3], 'r': [224]}",2022-11-01 07:42:19.399153,4899240,0,281688384,75.82
"{'wid': None, 'ks': [7, 5, 5, 7, 3, 7, 3, 5, 3, 5, 7, 5, 5, 7, 7, 5, 5, 3, 7, 7], 'e': [6, 6, 4, 4, 3, 6, 4, 6, 6, 4, 6, 4, 4, 4, 3, 6, 6, 6, 4, 6], 'd': [3, 3, 4, 4, 4], 'r': [224]}",2022-11-01 07:44:41.096081,6423488,0,370304672,76.894
"{'wid': None, 'ks': [7, 7, 7, 7, 7, 5, 7, 7, 5, 7, 5, 5, 5, 5, 7, 7, 7, 5, 5, 3], 'e': [4, 4, 6, 4, 6, 3, 6, 4, 3, 3, 4, 3, 6, 4, 3, 4, 6, 4, 4, 6], 'd': [4, 4, 4, 3, 2], 'r': [224]}",2022-11-01 07:47:22.167442,4492888,0,351244224,75.792
"{'wid': None, 'ks': [3, 5, 7, 5, 5, 5, 5, 3, 5, 7, 5, 3, 7, 3, 5, 3, 3, 5, 5, 3], 'e': [4, 4, 6, 4, 6, 3, 4, 4, 4, 4, 4, 3, 4, 4, 6, 3, 6, 4, 4, 3], 'd': [3, 3, 3, 3, 3], 'r': [224]}",2022-11-01 07:49:12.890073,4932808,0,291339552,76.134
"{'wid': None, 'ks': [7, 5, 3, 5, 5, 5, 3, 5, 5, 5, 5, 7, 3, 5, 5, 5, 5, 3, 5, 5], 'e': [4, 3, 6, 3, 6, 4, 4, 4, 6, 4, 4, 6, 4, 4, 6, 6, 3, 4, 4, 4], 'd': [3, 4, 3, 4, 3], 'r': [224]}",2022-11-01 07:51:04.377531,5093032,0,314289808,76.28
"{'wid': None, 'ks': [7, 7, 7, 5, 5, 5, 7, 5, 5, 7, 7, 5, 5, 3, 5, 7, 5, 5, 5, 5], 'e': [3, 3, 6, 4, 3, 4, 6, 3, 4, 3, 3, 4, 4, 4, 4, 6, 4, 4, 6, 4], 'd': [3, 2, 2, 4, 4], 'r': [224]}",2022-11-01 07:53:00.479037,5658136,0,292319296,75.866
"{'wid': None, 'ks': [7, 5, 7, 7, 7, 5, 7, 3, 7, 5, 7, 5, 5, 5, 3, 3, 3, 3, 7, 5], 'e': [3, 6, 6, 6, 6, 3, 4, 6, 4, 6, 6, 3, 4, 4, 4, 4, 3, 6, 4, 4], 'd': [4, 4, 4, 4, 3], 'r': [224]}",2022-11-01 07:55:45.445277,5249056,0,394931152,76.43
"{'wid': None, 'ks': [7, 7, 5, 7, 5, 7, 5, 5, 3, 3, 5, 7, 5, 3, 3, 7, 7, 7, 5, 5], 'e': [6, 4, 4, 6, 4, 4, 3, 6, 6, 4, 6, 4, 4, 4, 6, 4, 6, 4, 6, 3], 'd': [3, 3, 3, 3, 4], 'r': [224]}",2022-11-01 07:57:48.371901,5626944,0,314507264,76.506
"{'wid': None, 'ks': [5, 3, 5, 5, 5, 5, 5, 3, 3, 5, 3, 7, 5, 5, 5, 7, 5, 5, 5, 5], 'e': [6, 6, 4, 6, 6, 4, 6, 4, 4, 4, 6, 4, 6, 6, 4, 6, 3, 4, 4, 3], 'd': [4, 4, 3, 2, 3], 'r': [224]}",2022-11-01 07:59:52.952835,4645080,0,318903248,75.386
"{'wid': None, 'ks': [5, 5, 3, 7, 7, 5, 5, 5, 7, 5, 3, 7, 7, 7, 5, 7, 5, 7, 7, 5], 'e': [3, 4, 6, 6, 3, 4, 4, 6, 6, 6, 4, 6, 4, 3, 6, 6, 6, 6, 4, 6], 'd': [4, 4, 2, 3, 3], 'r': [224]}",2022-11-01 08:02:07.263297,5337608,0,333494752,76.306
"{'wid': None, 'ks': [5, 5, 5, 3, 5, 5, 7, 5, 5, 7, 5, 3, 3, 7, 3, 7, 5, 7, 7, 7], 'e': [4, 6, 4, 4, 4, 6, 6, 6, 4, 4, 4, 4, 3, 4, 4, 4, 6, 3, 3, 6], 'd': [3, 3, 3, 4, 4], 'r': [224]}",2022-11-01 08:04:09.789157,5554440,0,321994336,76.624
"{'wid': None, 'ks': [5, 5, 5, 5, 5, 3, 3, 5, 3, 5, 5, 5, 5, 5, 7, 5, 7, 5, 5, 5], 'e': [6, 4, 6, 6, 6, 3, 4, 6, 6, 6, 4, 4, 6, 4, 6, 4, 6, 3, 4, 4], 'd': [3, 3, 3, 4, 3], 'r': [224]}",2022-11-01 08:06:11.564728,5169640,0,329656256,76.478
"{'wid': None, 'ks': [5, 5, 5, 5, 3, 7, 7, 7, 7, 5, 7, 3, 3, 5, 5, 5, 5, 7, 7, 5], 'e': [4, 4, 6, 3, 6, 6, 4, 3, 6, 4, 6, 6, 3, 4, 4, 6, 6, 4, 6, 6], 'd': [3, 4, 3, 4, 3], 'r': [224]}",2022-11-01 08:08:23.490715,5638680,0,349079264,76.684
"{'wid': None, 'ks': [7, 5, 5, 7, 7, 7, 5, 3, 5, 7, 5, 5, 5, 7, 5, 5, 5, 5, 7, 3], 'e': [4, 4, 4, 3, 4, 4, 3, 4, 6, 4, 6, 4, 6, 4, 4, 6, 4, 4, 4, 4], 'd': [4, 4, 4, 4, 3], 'r': [224]}",2022-11-01 08:10:45.177894,5218248,0,355978112,76.714
"{'wid': None, 'ks': [7, 3, 7, 3, 7, 5, 7, 3, 7, 3, 5, 3, 5, 3, 5, 3, 3, 5, 7, 3], 'e': [6, 6, 6, 4, 6, 3, 4, 4, 3, 4, 3, 3, 3, 6, 4, 4, 4, 6, 4, 4], 'd': [2, 3, 2, 3, 3], 'r': [224]}",2022-11-01 08:12:23.249849,5000280,0,257060256,75.378
"{'wid': None, 'ks': [3, 5, 7, 5, 7, 5, 5, 5, 3, 7, 3, 3, 5, 5, 7, 3, 5, 7, 3, 3], 'e': [4, 3, 6, 6, 4, 4, 6, 4, 4, 4, 6, 3, 4, 3, 3, 4, 6, 6, 3, 4], 'd': [3, 2, 2, 3, 4], 'r': [224]}",2022-11-01 08:14:04.475774,5191008,0,253675968,75.608
"{'wid': None, 'ks': [5, 5, 5, 5, 5, 3, 5, 3, 5, 5, 5, 5, 5, 5, 7, 5, 5, 3, 5, 5], 'e': [4, 4, 4, 4, 6, 3, 4, 3, 3, 3, 4, 4, 6, 3, 6, 6, 6, 4, 3, 4], 'd': [3, 3, 3, 3, 3], 'r': [224]}",2022-11-01 08:15:45.071314,4796360,0,266388576,75.922
"{'wid': None, 'ks': [5, 3, 7, 7, 7, 5, 5, 7, 7, 5, 5, 5, 3, 5, 5, 3, 7, 3, 7, 5], 'e': [4, 4, 4, 6, 4, 6, 6, 4, 6, 3, 6, 4, 4, 4, 4, 4, 6, 4, 3, 6], 'd': [3, 3, 3, 4, 4], 'r': [224]}",2022-11-01 08:17:40.499241,5705616,0,317731264,76.708
"{'wid': None, 'ks': [7, 5, 3, 7, 3, 5, 7, 5, 7, 5, 5, 5, 5, 3, 3, 7, 3, 3, 3, 7], 'e': [4, 3, 6, 4, 4, 4, 6, 3, 6, 6, 4, 3, 4, 3, 3, 4, 4, 6, 4, 4], 'd': [3, 3, 3, 4, 2], 'r': [224]}",2022-11-01 08:19:25.973765,4623136,0,279321408,75.566
"{'wid': None, 'ks': [5, 7, 5, 7, 5, 5, 3, 5, 3, 7, 7, 5, 5, 7, 5, 3, 5, 5, 7, 5], 'e': [4, 6, 4, 4, 3, 6, 3, 6, 6, 4, 3, 4, 4, 4, 3, 6, 4, 4, 4, 4], 'd': [3, 3, 4, 3, 4], 'r': [224]}",2022-11-01 08:21:25.288363,5023576,0,294459264,76.178
"{'wid': None, 'ks': [7, 5, 5, 5, 5, 7, 5, 5, 3, 3, 5, 7, 5, 5, 3, 7, 5, 7, 7, 5], 'e': [4, 3, 4, 6, 4, 4, 4, 6, 6, 4, 6, 4, 4, 4, 6, 4, 3, 4, 6, 4], 'd': [3, 3, 3, 3, 4], 'r': [224]}",2022-11-01 08:23:13.094941,5520856,0,285286992,76.228
"{'wid': None, 'ks': [5, 5, 5, 5, 5, 3, 3, 5, 3, 7, 5, 3, 5, 5, 7, 5, 7, 5, 3, 3], 'e': [6, 3, 6, 6, 3, 3, 4, 4, 6, 6, 4, 3, 6, 4, 6, 4, 4, 3, 4, 4], 'd': [3, 2, 3, 2, 2], 'r': [224]}",2022-11-01 08:24:48.049770,3881224,0,229638368,73.926
"{'wid': None, 'ks': [5, 3, 3, 3, 5, 5, 7, 7, 7, 7, 5, 5, 5, 5, 3, 7, 7, 3, 3, 7], 'e': [3, 3, 3, 4, 3, 4, 4, 3, 4, 4, 4, 4, 3, 4, 4, 4, 6, 4, 6, 3], 'd': [3, 2, 3, 3, 3], 'r': [224]}",2022-11-01 08:26:02.688942,5028608,0,220353312,75.716
"{'wid': None, 'ks': [5, 5, 3, 7, 7, 5, 7, 5, 7, 5, 7, 7, 7, 7, 5, 5, 5, 7, 7, 5], 'e': [3, 4, 6, 6, 3, 4, 4, 6, 6, 6, 6, 4, 4, 3, 6, 6, 6, 6, 4, 6], 'd': [4, 4, 2, 3, 2], 'r': [224]}",2022-11-01 08:28:15.966067,4896808,0,324728672,75.832
"{'wid': None, 'ks': [7, 5, 5, 3, 7, 7, 5, 7, 5, 7, 5, 5, 3, 7, 5, 5, 5, 5, 5, 5], 'e': [6, 4, 4, 3, 4, 6, 3, 4, 4, 3, 6, 4, 4, 4, 4, 4, 3, 4, 6, 3], 'd': [2, 2, 3, 2, 3], 'r': [224]}",2022-11-01 08:29:54.354276,4658200,0,232396240,74.688
"{'wid': None, 'ks': [3, 3, 5, 7, 7, 7, 5, 3, 5, 7, 5, 5, 5, 7, 3, 3, 3, 5, 3, 3], 'e': [4, 3, 4, 3, 6, 4, 4, 4, 3, 4, 6, 4, 6, 4, 6, 6, 4, 4, 4, 4], 'd': [4, 4, 4, 3, 3], 'r': [224]}",2022-11-01 08:31:51.648533,4958928,0,317199392,76.192
"{'wid': None, 'ks': [3, 5, 5, 5, 3, 3, 5, 5, 5, 5, 7, 3, 3, 3, 5, 5, 7, 3, 3, 5], 'e': [4, 3, 6, 3, 4, 6, 3, 6, 3, 4, 3, 3, 3, 3, 4, 4, 4, 4, 3, 4], 'd': [4, 3, 3, 2, 3], 'r': [224]}",2022-11-01 08:33:22.713358,4070280,0,228907328,74.33
"{'wid': None, 'ks': [5, 7, 5, 5, 3, 7, 7, 7, 7, 5, 7, 3, 5, 3, 7, 5, 5, 7, 5, 5], 'e': [4, 3, 6, 3, 6, 6, 4, 3, 6, 4, 4, 6, 6, 4, 3, 6, 4, 6, 3, 4], 'd': [3, 3, 4, 4, 3], 'r': [224]}",2022-11-01 08:35:31.383788,5382528,0,341298144,76.526
"{'wid': None, 'ks': [5, 5, 3, 5, 7, 7, 5, 5, 7, 5, 3, 7, 7, 7, 5, 7, 5, 7, 5, 5], 'e': [3, 4, 6, 6, 3, 4, 4, 3, 6, 6, 4, 6, 4, 4, 6, 6, 6, 6, 4, 4], 'd': [3, 4, 2, 4, 3], 'r': [224]}",2022-11-01 08:37:28.103349,5760600,0,324264864,76.552
"{'wid': None, 'ks': [5, 5, 5, 7, 5, 5, 7, 3, 5, 5, 7, 5, 5, 7, 3, 3, 5, 3, 5, 5], 'e': [3, 4, 4, 4, 3, 4, 6, 6, 4, 3, 6, 3, 3, 4, 4, 6, 4, 4, 4, 6], 'd': [3, 3, 2, 4, 3], 'r': [224]}",2022-11-01 08:39:06.442696,4845232,0,266354240,75.722
"{'wid': None, 'ks': [7, 5, 7, 3, 3, 3, 7, 7, 5, 7, 5, 5, 3, 5, 7, 3, 7, 5, 5, 7], 'e': [6, 6, 6, 4, 4, 4, 6, 6, 4, 4, 4, 3, 4, 4, 3, 6, 4, 4, 4, 4], 'd': [4, 3, 3, 4, 4], 'r': [224]}",2022-11-01 08:41:36.264894,5383912,0,366988672,76.508
"{'wid': None, 'ks': [7, 5, 5, 5, 5, 5, 5, 7, 3, 3, 3, 3, 3, 5, 3, 5, 7, 3, 7, 5], 'e': [6, 4, 4, 6, 4, 6, 4, 3, 6, 6, 6, 4, 4, 6, 4, 6, 6, 4, 6, 6], 'd': [2, 4, 3, 4, 3], 'r': [224]}",2022-11-01 08:43:35.250153,5809808,0,333905184,76.576
"{'wid': None, 'ks': [5, 5, 5, 5, 3, 7, 7, 7, 7, 5, 7, 3, 5, 3, 7, 5, 5, 3, 5, 5], 'e': [3, 3, 6, 3, 6, 6, 4, 3, 4, 4, 4, 6, 4, 4, 3, 6, 4, 6, 3, 4], 'd': [3, 3, 4, 4, 3], 'r': [224]}",2022-11-01 08:45:31.104200,5227896,0,316927008,76.348
"{'wid': None, 'ks': [7, 5, 5, 5, 5, 5, 5, 5, 3, 3, 5, 7, 5, 5, 3, 7, 5, 7, 7, 5], 'e': [4, 3, 6, 6, 4, 4, 4, 6, 6, 4, 6, 4, 4, 4, 6, 4, 3, 6, 6, 4], 'd': [3, 3, 3, 3, 4], 'r': [224]}",2022-11-01 08:47:24.390756,5896472,0,299306896,76.358
"{'wid': None, 'ks': [3, 5, 5, 7, 3, 7, 3, 3, 3, 5, 7, 5, 5, 7, 7, 3, 5, 3, 3, 7], 'e': [4, 3, 4, 3, 3, 4, 4, 4, 6, 4, 6, 4, 4, 4, 3, 6, 6, 6, 4, 6], 'd': [3, 3, 4, 3, 3], 'r': [224]}",2022-11-01 08:49:01.562660,5140872,0,271841632,76.148
"{'wid': None, 'ks': [3, 5, 5, 5, 5, 5, 5, 3, 5, 7, 3, 3, 5, 3, 5, 3, 3, 5, 5, 3], 'e': [4, 4, 6, 3, 6, 3, 4, 4, 4, 3, 4, 3, 4, 4, 4, 3, 4, 4, 4, 3], 'd': [3, 3, 3, 3, 3], 'r': [224]}",2022-11-01 08:50:37.852537,4527560,0,256760448,75.686
"{'wid': None, 'ks': [5, 5, 5, 5, 3, 5, 7, 7, 7, 5, 7, 3, 3, 5, 3, 5, 5, 7, 7, 5], 'e': [4, 4, 6, 3, 6, 6, 4, 3, 6, 4, 6, 3, 3, 4, 4, 6, 3, 4, 4, 3], 'd': [3, 4, 3, 4, 3], 'r': [224]}",2022-11-01 08:52:41.784374,4981784,0,326528208,76.208
"{'wid': None, 'ks': [7, 5, 3, 7, 5, 5, 3, 7, 7, 5, 5, 7, 3, 5, 5, 5, 5, 3, 7, 5], 'e': [4, 4, 6, 6, 6, 4, 4, 4, 6, 3, 4, 4, 4, 4, 6, 6, 3, 4, 4, 4], 'd': [3, 4, 3, 4, 3], 'r': [224]}",2022-11-01 08:54:39.988745,5104720,0,321775440,76.302
"{'wid': None, 'ks': [3, 5, 7, 3, 5, 5, 5, 3, 5, 3, 5, 5, 7, 3, 5, 3, 7, 3, 5, 3], 'e': [4, 6, 4, 4, 3, 6, 6, 3, 4, 4, 4, 6, 4, 4, 6, 3, 4, 4, 4, 3], 'd': [3, 3, 3, 3, 3], 'r': [224]}",2022-11-01 08:56:29.257402,4785144,0,286105536,75.886
"{'wid': None, 'ks': [5, 5, 5, 7, 3, 7, 7, 5, 3, 5, 7, 5, 5, 7, 7, 5, 5, 7, 7, 7], 'e': [4, 6, 4, 3, 3, 6, 4, 3, 6, 4, 6, 4, 4, 4, 3, 6, 6, 6, 4, 4], 'd': [3, 3, 4, 4, 4], 'r': [224]}",2022-11-01 08:58:40.676717,6088016,0,352596832,76.81
"{'wid': None, 'ks': [3, 3, 5, 5, 5, 3, 5, 5, 7, 3, 3, 5, 5, 5, 5, 3, 7, 3, 7, 5], 'e': [4, 4, 6, 3, 6, 6, 4, 6, 4, 3, 3, 3, 6, 3, 4, 4, 4, 6, 4, 4], 'd': [4, 4, 3, 4, 3], 'r': [224]}",2022-11-01 09:00:35.882237,5232064,0,321195968,76.364
"{'wid': None, 'ks': [5, 3, 5, 7, 7, 5, 5, 7, 7, 5, 5, 5, 3, 5, 3, 7, 7, 7, 5, 5], 'e': [6, 4, 4, 6, 4, 6, 3, 6, 6, 3, 6, 4, 4, 4, 6, 4, 6, 4, 3, 6], 'd': [3, 3, 3, 4, 4], 'r': [224]}",2022-11-01 09:02:31.277279,5872888,0,325096640,76.768
"{'wid': None, 'ks': [7, 5, 7, 5, 5, 3, 5, 7, 5, 7, 5, 5, 3, 5, 5, 3, 3, 5, 5, 7], 'e': [6, 4, 4, 4, 6, 3, 4, 6, 4, 4, 4, 3, 4, 4, 3, 3, 6, 4, 4, 4], 'd': [3, 3, 3, 4, 4], 'r': [224]}",2022-11-01 09:04:33.582142,5257920,0,306520992,76.4
"{'wid': None, 'ks': [7, 5, 3, 7, 5, 5, 3, 5, 5, 7, 3, 3, 5, 7, 5, 5, 3, 3, 7, 5], 'e': [6, 6, 3, 3, 4, 6, 4, 4, 6, 4, 6, 4, 3, 4, 4, 4, 6, 4, 4, 3], 'd': [2, 2, 2, 4, 3], 'r': [224]}",2022-11-01 09:06:21.578206,4882232,0,273246496,75.832
"{'wid': None, 'ks': [7, 5, 5, 3, 7, 7, 5, 3, 5, 7, 5, 5, 3, 7, 5, 5, 5, 5, 7, 3], 'e': [4, 4, 4, 3, 4, 4, 3, 4, 4, 4, 6, 4, 3, 4, 4, 4, 4, 3, 4, 4], 'd': [4, 4, 4, 4, 3], 'r': [224]}",2022-11-01 09:08:26.973286,4733760,0,317894496,76.298
"{'wid': None, 'ks': [5, 7, 5, 7, 5, 5, 3, 5, 5, 7, 7, 7, 5, 7, 7, 3, 5, 3, 7, 5], 'e': [4, 6, 4, 4, 4, 4, 3, 6, 6, 4, 3, 6, 4, 4, 3, 6, 4, 4, 4, 4], 'd': [3, 3, 4, 3, 4], 'r': [224]}",2022-11-01 09:10:28.688762,5043664,0,300777216,76.28
"{'wid': None, 'ks': [7, 5, 7, 7, 7, 5, 7, 3, 7, 5, 7, 5, 5, 5, 3, 3, 3, 3, 7, 5], 'e': [3, 4, 6, 6, 3, 3, 4, 6, 4, 6, 4, 3, 4, 3, 4, 4, 3, 6, 4, 4], 'd': [4, 4, 4, 4, 3], 'r': [224]}",2022-11-01 09:13:00.716247,5125016,0,361430160,76.192
"{'wid': None, 'ks': [3, 5, 3, 5, 5, 5, 3, 3, 5, 3, 5, 5, 5, 3, 5, 3, 3, 3, 5, 5], 'e': [3, 3, 3, 3, 4, 4, 3, 4, 6, 4, 4, 6, 4, 4, 6, 3, 3, 6, 4, 3], 'd': [3, 4, 3, 3, 3], 'r': [224]}",2022-11-01 09:14:22.789471,5015888,0,248379856,75.634
"{'wid': None, 'ks': [3, 3, 5, 7, 5, 7, 5, 3, 5, 7, 5, 7, 5, 7, 3, 7, 5, 3, 5, 3], 'e': [6, 3, 4, 3, 6, 4, 3, 4, 6, 4, 4, 4, 6, 4, 6, 6, 4, 4, 4, 4], 'd': [4, 2, 4, 3, 4], 'r': [224]}",2022-11-01 09:16:17.238934,5320216,0,312673024,76.274
"{'wid': None, 'ks': [5, 5, 3, 5, 7, 5, 7, 5, 3, 3, 3, 3, 3, 5, 3, 5, 7, 3, 5, 5], 'e': [3, 4, 4, 3, 4, 6, 4, 3, 6, 6, 4, 4, 4, 6, 4, 6, 3, 4, 4, 6], 'd': [2, 4, 3, 4, 3], 'r': [224]}",2022-11-01 09:17:54.890647,5112384,0,289151248,76.002
"{'wid': None, 'ks': [5, 5, 3, 3, 5, 5, 5, 5, 5, 5, 5, 5, 5, 5, 3, 5, 7, 3, 3, 3], 'e': [3, 6, 4, 4, 3, 3, 4, 3, 3, 3, 4, 4, 3, 3, 4, 4, 6, 4, 3, 3], 'd': [3, 2, 3, 4, 3], 'r': [224]}",2022-11-01 09:19:22.283426,4633392,0,242578208,75.626
"{'wid': None, 'ks': [5, 5, 5, 7, 3, 5, 7, 7, 7, 5, 7, 3, 3, 3, 5, 5, 5, 7, 7, 5], 'e': [4, 3, 6, 3, 6, 6, 3, 6, 6, 4, 4, 6, 3, 3, 3, 6, 4, 4, 3, 6], 'd': [4, 3, 3, 3, 3], 'r': [224]}",2022-11-01 09:21:18.688714,4309944,0,277034144,75.468
"{'wid': None, 'ks': [7, 7, 5, 7, 7, 7, 5, 3, 7, 7, 5, 5, 5, 7, 5, 5, 5, 5, 7, 3], 'e': [4, 4, 4, 3, 4, 6, 3, 4, 6, 4, 6, 4, 6, 4, 4, 6, 4, 4, 4, 4], 'd': [4, 4, 4, 4, 3], 'r': [224]}",2022-11-01 09:23:52.044559,5254976,0,372441216,76.712
"{'wid': None, 'ks': [7, 3, 7, 7, 3, 5, 5, 5, 5, 5, 7, 5, 5, 3, 5, 3, 5, 3, 5, 7], 'e': [3, 3, 4, 4, 3, 4, 6, 3, 4, 3, 3, 4, 4, 4, 4, 3, 4, 4, 6, 4], 'd': [3, 2, 2, 4, 4], 'r': [224]}",2022-11-01 09:25:22.776816,5375032,0,246125568,75.694
"{'wid': None, 'ks': [5, 7, 5, 7, 7, 7, 7, 5, 3, 3, 5, 7, 5, 3, 3, 7, 7, 7, 5, 5], 'e': [3, 4, 4, 6, 4, 4, 3, 6, 6, 4, 6, 4, 4, 4, 6, 4, 6, 4, 6, 3], 'd': [3, 3, 3, 3, 4], 'r': [224]}",2022-11-01 09:27:11.884304,5626512,0,294336512,76.404
"{'wid': None, 'ks': [7, 7, 7, 7, 7, 5, 7, 3, 7, 5, 7, 5, 5, 5, 3, 3, 3, 7, 7, 5], 'e': [4, 6, 6, 6, 6, 3, 4, 6, 6, 6, 6, 3, 6, 4, 4, 4, 3, 6, 4, 4], 'd': [4, 4, 4, 4, 3], 'r': [224]}",2022-11-01 09:30:16.195134,5405800,0,425925520,76.662
"{'wid': None, 'ks': [7, 3, 5, 7, 7, 7, 5, 3, 7, 3, 7, 5, 5, 5, 3, 3, 3, 3, 7, 5], 'e': [3, 6, 4, 6, 6, 3, 4, 6, 4, 3, 6, 3, 3, 4, 4, 4, 3, 4, 4, 3], 'd': [4, 4, 4, 4, 3], 'r': [224]}",2022-11-01 09:32:33.654271,4788224,0,346833808,76.152
"{'wid': None, 'ks': [7, 3, 5, 7, 7, 7, 5, 5, 5, 7, 5, 5, 5, 7, 3, 5, 3, 5, 7, 3], 'e': [6, 6, 4, 4, 6, 6, 4, 6, 3, 4, 6, 4, 6, 4, 6, 6, 4, 4, 4, 4], 'd': [4, 4, 4, 4, 4], 'r': [224]}",2022-11-01 09:35:17.513274,5870760,0,420664608,76.982
"{'wid': None, 'ks': [3, 3, 7, 5, 5, 3, 5, 5, 3, 7, 5, 5, 7, 5, 5, 5, 7, 3, 3, 5], 'e': [4, 4, 3, 4, 6, 6, 4, 6, 4, 4, 3, 3, 6, 3, 6, 3, 6, 4, 4, 4], 'd': [3, 4, 3, 4, 3], 'r': [224]}",2022-11-01 09:37:04.651350,5188088,0,308186976,76.364
"{'wid': None, 'ks': [7, 3, 5, 7, 7, 7, 5, 7, 7, 7, 7, 5, 5, 5, 5, 5, 7, 3, 7, 5], 'e': [3, 6, 4, 6, 6, 3, 4, 6, 4, 3, 6, 6, 3, 4, 4, 6, 6, 4, 6, 6], 'd': [4, 4, 4, 4, 3], 'r': [224]}",2022-11-01 09:39:42.092611,5714984,0,396495584,76.798
"{'wid': None, 'ks': [5, 3, 7, 5, 7, 5, 5, 5, 5, 5, 5, 5, 3, 5, 5, 3, 7, 3, 5, 5], 'e': [4, 3, 4, 3, 4, 6, 6, 4, 6, 4, 6, 6, 4, 4, 4, 4, 6, 4, 3, 6], 'd': [3, 3, 3, 4, 4], 'r': [224]}",2022-11-01 09:41:34.369412,5701992,0,314648576,76.708
"{'wid': None, 'ks': [5, 7, 5, 5, 5, 5, 7, 3, 7, 5, 7, 5, 5, 7, 3, 7, 5, 5, 5, 5], 'e': [3, 4, 6, 4, 4, 6, 6, 6, 6, 3, 6, 3, 3, 4, 4, 6, 4, 4, 4, 6], 'd': [3, 3, 2, 4, 3], 'r': [224]}",2022-11-01 09:43:35.705785,4936184,0,305256576,75.932
"{'wid': None, 'ks': [7, 7, 5, 5, 3, 7, 3, 7, 7, 5, 7, 3, 5, 3, 7, 5, 5, 3, 5, 5], 'e': [6, 3, 6, 4, 6, 6, 4, 6, 6, 4, 4, 6, 6, 4, 3, 6, 4, 6, 3, 6], 'd': [3, 3, 4, 4, 3], 'r': [224]}",2022-11-01 09:45:53.096227,5342240,0,352964064,76.44
"{'wid': None, 'ks': [7, 3, 5, 7, 7, 5, 5, 3, 3, 7, 7, 5, 5, 5, 3, 5, 3, 3, 3, 5], 'e': [3, 6, 3, 6, 6, 3, 4, 6, 4, 3, 6, 3, 3, 4, 4, 3, 3, 4, 4, 3], 'd': [3, 4, 4, 4, 3], 'r': [224]}",2022-11-01 09:47:38.678254,4683984,0,290548432,75.984
"{'wid': None, 'ks': [7, 7, 7, 7, 5, 7, 5, 5, 3, 3, 5, 7, 5, 3, 5, 3, 7, 3, 7, 5], 'e': [4, 4, 4, 6, 4, 4, 6, 4, 6, 4, 6, 4, 4, 4, 4, 4, 6, 4, 6, 3], 'd': [3, 3, 3, 3, 4], 'r': [224]}",2022-11-01 09:49:42.067307,5488344,0,308810240,76.434
"{'wid': None, 'ks': [3, 5, 7, 5, 3, 5, 5, 3, 5, 7, 5, 3, 7, 3, 5, 3, 3, 5, 5, 3], 'e': [4, 4, 6, 4, 6, 3, 4, 4, 4, 4, 4, 3, 4, 4, 6, 3, 6, 4, 4, 3], 'd': [4, 3, 3, 3, 3], 'r': [224]}",2022-11-01 09:51:43.875692,4937944,0,311510304,76.106
"{'wid': None, 'ks': [3, 5, 3, 7, 7, 7, 5, 5, 7, 7, 5, 7, 5, 7, 5, 5, 5, 5, 5, 3], 'e': [6, 6, 4, 4, 4, 6, 3, 4, 6, 4, 4, 4, 4, 4, 6, 4, 6, 6, 3, 6], 'd': [3, 2, 2, 4, 4], 'r': [224]}",2022-11-01 09:53:35.877072,6128840,0,319380288,76.518
"{'wid': None, 'ks': [5, 5, 5, 7, 5, 5, 7, 5, 5, 7, 5, 3, 5, 7, 3, 7, 5, 7, 7, 7], 'e': [4, 6, 4, 4, 4, 6, 6, 6, 6, 4, 4, 4, 6, 4, 4, 6, 6, 4, 3, 6], 'd': [3, 3, 3, 4, 4], 'r': [224]}",2022-11-01 09:55:47.540195,6045264,0,352288128,76.99
"{'wid': None, 'ks': [7, 5, 3, 5, 5, 5, 3, 5, 3, 7, 5, 5, 5, 5, 5, 5, 3, 5, 7, 5], 'e': [4, 3, 3, 3, 3, 6, 4, 4, 6, 4, 4, 4, 4, 4, 6, 6, 3, 6, 4, 4], 'd': [3, 4, 3, 3, 3], 'r': [224]}",2022-11-01 09:57:30.009986,5100928,0,274317648,75.998
"{'wid': None, 'ks': [5, 5, 3, 7, 7, 5, 5, 5, 7, 5, 3, 7, 7, 7, 5, 7, 5, 7, 7, 5], 'e': [3, 6, 6, 6, 6, 4, 4, 6, 6, 6, 6, 6, 4, 4, 6, 6, 6, 6, 4, 6], 'd': [4, 4, 2, 3, 3], 'r': [224]}",2022-11-01 09:59:55.665316,5430256,0,360968352,76.432
"{'wid': None, 'ks': [7, 5, 7, 3, 5, 5, 5, 3, 5, 7, 5, 7, 7, 3, 7, 5, 7, 5, 5, 3], 'e': [4, 6, 6, 4, 4, 6, 6, 3, 6, 4, 4, 6, 4, 4, 6, 6, 4, 4, 4, 3], 'd': [3, 3, 3, 3, 3], 'r': [224]}",2022-11-01 10:02:10.883450,4847048,0,322092288,76.066
"{'wid': None, 'ks': [3, 3, 3, 7, 7, 5, 7, 7, 7, 7, 5, 5, 5, 7, 5, 3, 3, 5, 3, 7], 'e': [4, 3, 3, 3, 4, 6, 4, 4, 3, 4, 6, 4, 4, 4, 4, 4, 6, 4, 6, 3], 'd': [3, 4, 2, 3, 3], 'r': [224]}",2022-11-01 10:03:42.969942,5101840,0,258892480,75.998
"{'wid': None, 'ks': [7, 5, 5, 5, 5, 5, 3, 7, 5, 5, 5, 7, 3, 5, 5, 5, 5, 3, 7, 5], 'e': [4, 3, 6, 6, 6, 4, 4, 4, 6, 4, 6, 6, 4, 4, 6, 6, 6, 4, 6, 4], 'd': [3, 4, 3, 4, 3], 'r': [224]}",2022-11-01 10:05:50.799247,5788744,0,347710240,76.712
"{'wid': None, 'ks': [5, 5, 5, 5, 5, 3, 5, 3, 5, 7, 5, 5, 5, 5, 7, 5, 5, 3, 5, 5], 'e': [4, 4, 4, 4, 6, 4, 4, 3, 4, 4, 4, 4, 6, 4, 6, 6, 6, 4, 3, 4], 'd': [3, 3, 3, 3, 3], 'r': [224]}",2022-11-01 10:07:35.678501,4903696,0,281175680,76.182
"{'wid': None, 'ks': [3, 3, 5, 5, 5, 3, 5, 5, 3, 7, 3, 5, 5, 5, 5, 5, 7, 3, 3, 3], 'e': [4, 4, 3, 3, 6, 6, 4, 6, 3, 3, 3, 3, 6, 3, 3, 3, 4, 4, 4, 4], 'd': [3, 4, 3, 3, 2], 'r': [224]}",2022-11-01 10:09:04.089255,4134208,0,243647136,74.968
"{'wid': None, 'ks': [7, 5, 5, 7, 5, 7, 5, 3, 3, 7, 5, 7, 5, 7, 3, 7, 5, 5, 7, 5], 'e': [3, 3, 4, 6, 4, 4, 3, 6, 6, 4, 6, 4, 4, 4, 6, 6, 4, 4, 4, 3], 'd': [3, 3, 3, 4, 4], 'r': [224]}",2022-11-01 10:10:57.904527,5484696,0,309840480,76.504
"{'wid': None, 'ks': [7, 7, 7, 7, 7, 5, 7, 7, 5, 7, 5, 5, 5, 5, 7, 7, 7, 5, 5, 5], 'e': [4, 4, 6, 4, 6, 3, 6, 4, 4, 3, 4, 3, 6, 4, 4, 4, 6, 4, 4, 6], 'd': [4, 4, 4, 4, 3], 'r': [224]}",2022-11-01 10:13:50.880627,5225736,0,394451872,76.82
"{'wid': None, 'ks': [7, 5, 5, 5, 7, 7, 5, 3, 5, 3, 5, 5, 5, 3, 5, 5, 5, 7, 5, 3], 'e': [4, 4, 4, 3, 4, 4, 3, 4, 6, 4, 6, 4, 6, 4, 4, 4, 3, 4, 6, 4], 'd': [4, 4, 4, 3, 3], 'r': [224]}",2022-11-01 10:15:54.582102,5081944,0,313666384,76.2
"{'wid': None, 'ks': [7, 5, 5, 5, 5, 5, 5, 7, 3, 3, 3, 3, 3, 5, 3, 5, 5, 3, 7, 5], 'e': [6, 4, 4, 6, 4, 6, 4, 3, 6, 6, 6, 4, 4, 6, 3, 6, 6, 4, 6, 6], 'd': [2, 4, 3, 4, 3], 'r': [224]}",2022-11-01 10:17:51.687097,5725784,0,327958880,76.52
"{'wid': None, 'ks': [5, 5, 5, 3, 5, 5, 5, 5, 3, 7, 5, 3, 3, 7, 3, 7, 5, 5, 7, 5], 'e': [4, 3, 4, 4, 4, 6, 6, 6, 4, 4, 4, 4, 3, 4, 4, 4, 4, 3, 3, 6], 'd': [3, 3, 3, 4, 4], 'r': [224]}",2022-11-01 10:19:39.584276,5312872,0,291727232,76.274
"{'wid': None, 'ks': [5, 5, 5, 5, 5, 3, 3, 3, 3, 5, 5, 5, 5, 5, 7, 5, 5, 5, 5, 5], 'e': [6, 4, 4, 3, 4, 3, 3, 4, 6, 4, 4, 4, 6, 4, 4, 4, 6, 3, 4, 4], 'd': [3, 3, 3, 4, 3], 'r': [224]}",2022-11-01 10:21:26.682229,4911480,0,291102784,76.3
"{'wid': None, 'ks': [5, 3, 3, 7, 7, 5, 5, 5, 7, 5, 3, 5, 7, 7, 5, 7, 5, 7, 5, 5], 'e': [3, 4, 6, 6, 3, 4, 3, 6, 6, 6, 4, 4, 4, 3, 6, 4, 6, 6, 4, 6], 'd': [3, 3, 2, 3, 3], 'r': [224]}",2022-11-01 10:22:58.860932,5239328,0,261036128,75.978
"{'wid': None, 'ks': [7, 5, 3, 5, 5, 5, 3, 5, 5, 5, 5, 3, 3, 5, 5, 5, 5, 3, 5, 5], 'e': [4, 3, 6, 3, 4, 4, 4, 4, 6, 4, 4, 6, 4, 4, 4, 6, 3, 4, 4, 4], 'd': [3, 4, 3, 4, 3], 'r': [224]}",2022-11-01 10:24:46.463479,4899200,0,297166608,76.178
"{'wid': None, 'ks': [7, 5, 7, 3, 3, 3, 5, 5, 3, 3, 5, 7, 5, 3, 5, 3, 7, 3, 7, 5], 'e': [4, 4, 4, 6, 4, 4, 6, 4, 6, 4, 4, 4, 4, 4, 3, 4, 6, 4, 4, 3], 'd': [3, 3, 3, 3, 4], 'r': [224]}",2022-11-01 10:26:34.600512,5002416,0,278012288,76.234
"{'wid': None, 'ks': [7, 5, 3, 5, 7, 7, 5, 5, 7, 5, 3, 7, 3, 7, 5, 7, 5, 7, 5, 5], 'e': [3, 4, 6, 6, 3, 4, 4, 3, 6, 6, 4, 6, 4, 4, 6, 6, 6, 6, 4, 4], 'd': [3, 4, 2, 4, 3], 'r': [224]}",2022-11-01 10:28:33.174739,5748952,0,325368736,76.544
"{'wid': None, 'ks': [5, 5, 5, 5, 3, 7, 3, 5, 3, 5, 7, 5, 5, 5, 7, 5, 5, 3, 7, 7], 'e': [6, 6, 4, 4, 3, 6, 4, 4, 6, 4, 6, 4, 4, 4, 3, 4, 6, 4, 3, 6], 'd': [3, 3, 3, 4, 4], 'r': [224]}",2022-11-01 10:30:37.547112,5654960,0,329913920,76.646
"{'wid': None, 'ks': [7, 7, 7, 7, 7, 5, 7, 7, 7, 7, 5, 5, 5, 5, 7, 3, 7, 5, 5, 5], 'e': [3, 4, 6, 4, 6, 3, 6, 4, 4, 3, 4, 3, 6, 4, 4, 4, 6, 6, 4, 6], 'd': [4, 4, 4, 4, 3], 'r': [224]}",2022-11-01 10:33:24.580492,5578248,0,390483680,76.852
"{'wid': None, 'ks': [7, 3, 5, 7, 7, 7, 5, 5, 5, 5, 5, 5, 3, 7, 3, 3, 3, 5, 7, 3], 'e': [6, 4, 4, 4, 4, 6, 4, 6, 3, 3, 6, 4, 6, 4, 6, 4, 4, 4, 3, 4], 'd': [4, 4, 4, 4, 4], 'r': [224]}",2022-11-01 10:35:54.199453,5485720,0,383759296,76.854
"{'wid': None, 'ks': [7, 5, 5, 7, 7, 5, 7, 3, 3, 3, 3, 5, 5, 5, 3, 3, 3, 3, 7, 5], 'e': [4, 4, 6, 6, 4, 3, 4, 6, 6, 6, 6, 3, 4, 4, 4, 4, 3, 4, 4, 4], 'd': [2, 4, 3, 4, 3], 'r': [224]}",2022-11-01 10:37:33.296231,4773952,0,279504912,75.872
"{'wid': None, 'ks': [3, 3, 7, 5, 5, 3, 5, 5, 3, 7, 5, 5, 7, 5, 7, 5, 7, 5, 3, 5], 'e': [4, 4, 3, 4, 6, 4, 4, 6, 4, 4, 4, 3, 6, 3, 3, 3, 6, 4, 4, 4], 'd': [4, 4, 3, 4, 4], 'r': [224]}",2022-11-01 10:39:32.808044,5380688,0,324006368,76.58
"{'wid': None, 'ks': [7, 5, 7, 5, 5, 3, 3, 5, 3, 5, 5, 5, 3, 5, 7, 5, 7, 5, 5, 7], 'e': [6, 4, 4, 6, 6, 3, 4, 6, 6, 6, 4, 4, 6, 4, 3, 3, 6, 3, 4, 4], 'd': [3, 3, 3, 4, 3], 'r': [224]}",2022-11-01 10:41:35.394379,4833040,0,307960512,76.172
"{'wid': None, 'ks': [7, 7, 7, 7, 7, 5, 5, 3, 7, 5, 7, 5, 5, 5, 3, 3, 3, 5, 5, 3], 'e': [4, 6, 4, 4, 4, 3, 3, 6, 6, 6, 6, 3, 6, 4, 4, 4, 3, 6, 4, 4], 'd': [4, 4, 2, 4, 3], 'r': [224]}",2022-11-01 10:44:05.180442,5183824,0,353199056,76.292
"{'wid': None, 'ks': [7, 5, 5, 5, 3, 5, 3, 5, 3, 5, 5, 7, 3, 5, 5, 5, 5, 3, 7, 5], 'e': [4, 3, 6, 6, 3, 4, 4, 4, 6, 4, 6, 4, 4, 4, 6, 6, 6, 4, 6, 4], 'd': [3, 3, 3, 4, 3], 'r': [224]}",2022-11-01 10:46:00.366406,5734544,0,320763680,76.466
"{'wid': None, 'ks': [3, 3, 7, 5, 5, 5, 5, 5, 5, 5, 5, 5, 7, 5, 5, 3, 7, 3, 3, 5], 'e': [4, 3, 4, 4, 4, 6, 4, 4, 6, 4, 6, 6, 6, 4, 4, 4, 6, 4, 3, 6], 'd': [3, 3, 3, 4, 4], 'r': [224]}",2022-11-01 10:47:48.479710,5780440,0,312781696,76.866
"{'wid': None, 'ks': [7, 5, 5, 5, 3, 7, 3, 5, 3, 3, 5, 7, 5, 7, 7, 5, 5, 7, 7, 7], 'e': [6, 6, 4, 4, 3, 6, 4, 6, 6, 4, 6, 4, 4, 4, 3, 4, 3, 6, 4, 4], 'd': [3, 3, 3, 4, 4], 'r': [224]}",2022-11-01 10:49:59.685624,5558248,0,329633808,76.39
"{'wid': None, 'ks': [7, 5, 5, 7, 5, 7, 5, 3, 3, 3, 5, 5, 5, 3, 5, 5, 5, 5, 7, 3], 'e': [4, 4, 4, 3, 4, 4, 3, 4, 6, 4, 6, 4, 6, 4, 4, 6, 4, 4, 4, 4], 'd': [3, 3, 3, 3, 3], 'r': [224]}",2022-11-01 10:51:44.595511,4688592,0,269693952,75.806
"{'wid': None, 'ks': [5, 3, 7, 7, 7, 5, 5, 7, 7, 5, 5, 3, 3, 5, 5, 3, 7, 3, 7, 5], 'e': [4, 4, 4, 3, 4, 6, 4, 3, 6, 3, 6, 4, 4, 4, 4, 4, 6, 4, 3, 6], 'd': [3, 3, 3, 4, 3], 'r': [224]}",2022-11-01 10:53:33.086357,4881512,0,294438144,76.42
"{'wid': None, 'ks': [7, 5, 5, 5, 5, 5, 5, 3, 3, 3, 3, 3, 3, 5, 3, 5, 7, 3, 7, 5], 'e': [4, 4, 4, 3, 4, 6, 3, 3, 6, 6, 6, 4, 4, 6, 4, 6, 6, 4, 4, 4], 'd': [2, 4, 3, 4, 3], 'r': [224]}",2022-11-01 10:55:17.359924,5416744,0,307053920,76.492
"{'wid': None, 'ks': [5, 5, 5, 7, 5, 5, 5, 5, 5, 5, 5, 5, 3, 7, 3, 7, 7, 7, 5, 5], 'e': [4, 4, 4, 6, 4, 6, 3, 6, 6, 3, 6, 4, 4, 4, 6, 6, 6, 4, 3, 6], 'd': [3, 3, 3, 4, 4], 'r': [224]}",2022-11-01 10:57:56.467895,6062672,0,329857088,76.756
"{'wid': None, 'ks': [7, 3, 5, 7, 7, 5, 5, 7, 7, 7, 7, 5, 5, 5, 3, 3, 3, 3, 7, 5], 'e': [3, 6, 6, 6, 6, 3, 4, 6, 4, 3, 6, 3, 3, 4, 4, 4, 3, 6, 4, 3], 'd': [4, 4, 4, 4, 3], 'r': [224]}",2022-11-01 11:00:29.395163,5171200,0,370387152,76.304
"{'wid': None, 'ks': [7, 5, 3, 3, 5, 5, 3, 7, 7, 5, 5, 7, 3, 5, 5, 5, 5, 7, 7, 5], 'e': [4, 4, 6, 6, 6, 4, 6, 4, 6, 3, 4, 4, 4, 4, 6, 6, 6, 4, 4, 4], 'd': [3, 4, 3, 4, 3], 'r': [224]}",2022-11-01 11:02:32.286358,5423992,0,339218208,76.62
"{'wid': None, 'ks': [5, 5, 5, 7, 3, 7, 7, 5, 3, 5, 7, 5, 5, 7, 7, 5, 7, 7, 7, 7], 'e': [4, 6, 4, 3, 3, 6, 4, 3, 6, 4, 6, 4, 4, 4, 4, 6, 6, 6, 4, 4], 'd': [3, 3, 4, 4, 4], 'r': [224]}",2022-11-01 11:04:46.870169,6176520,0,359421216,76.848
"{'wid': None, 'ks': [7, 5, 5, 7, 5, 7, 7, 3, 5, 7, 5, 7, 5, 7, 3, 7, 5, 7, 7, 7], 'e': [3, 6, 4, 6, 4, 4, 3, 6, 6, 4, 6, 4, 4, 4, 6, 6, 6, 4, 4, 3], 'd': [3, 3, 3, 4, 4], 'r': [224]}",2022-11-01 11:06:53.692631,5716984,0,337724224,76.78
"{'wid': None, 'ks': [7, 5, 5, 7, 7, 7, 5, 5, 5, 7, 5, 5, 5, 7, 5, 5, 7, 5, 7, 3], 'e': [4, 4, 6, 6, 6, 4, 4, 6, 6, 6, 6, 4, 6, 4, 6, 6, 4, 4, 4, 4], 'd': [4, 4, 4, 4, 3], 'r': [224]}",2022-11-01 11:09:48.475525,5507864,0,425884416,76.798
"{'wid': None, 'ks': [5, 5, 5, 7, 7, 5, 5, 7, 7, 5, 5, 7, 3, 5, 3, 7, 7, 7, 7, 5], 'e': [6, 4, 4, 6, 4, 6, 4, 6, 6, 3, 6, 6, 4, 4, 6, 6, 6, 4, 3, 6], 'd': [4, 4, 3, 4, 4], 'r': [224]}",2022-11-01 11:12:32.571837,6160856,0,413994176,76.95
"{'wid': None, 'ks': [5, 5, 5, 7, 5, 5, 7, 5, 5, 7, 5, 7, 5, 7, 3, 7, 5, 7, 7, 7], 'e': [4, 6, 4, 4, 6, 6, 6, 6, 6, 4, 4, 4, 6, 4, 6, 6, 6, 4, 3, 6], 'd': [3, 3, 3, 4, 4], 'r': [224]}",2022-11-01 11:14:47.307647,6235512,0,368708864,77.012
"{'wid': None, 'ks': [7, 7, 7, 7, 5, 7, 7, 7, 5, 7, 5, 5, 3, 5, 7, 3, 7, 5, 5, 7], 'e': [6, 6, 6, 4, 4, 4, 6, 6, 4, 4, 6, 3, 4, 4, 4, 6, 4, 4, 6, 4], 'd': [4, 3, 3, 4, 4], 'r': [224]}",2022-11-01 11:17:47.793486,5869840,0,413592064,76.8
"{'wid': None, 'ks': [5, 5, 5, 5, 5, 5, 3, 7, 5, 5, 5, 7, 7, 5, 5, 5, 5, 3, 7, 5], 'e': [4, 3, 6, 6, 6, 4, 4, 4, 6, 4, 6, 6, 4, 4, 6, 6, 6, 4, 6, 4], 'd': [3, 4, 3, 4, 3], 'r': [224]}",2022-11-01 11:19:52.397113,5800008,0,345402144,76.738
"{'wid': None, 'ks': [7, 3, 7, 7, 7, 5, 5, 5, 5, 5, 5, 5, 3, 7, 5, 3, 7, 3, 5, 5], 'e': [4, 3, 4, 3, 4, 6, 6, 6, 6, 4, 6, 6, 4, 4, 4, 6, 6, 6, 4, 6], 'd': [3, 3, 4, 4, 4], 'r': [224]}",2022-11-01 11:22:00.071413,6492568,0,357541856,76.944
"{'wid': None, 'ks': [7, 5, 7, 7, 7, 5, 7, 3, 5, 5, 7, 5, 5, 5, 3, 7, 3, 3, 7, 5], 'e': [4, 6, 6, 6, 6, 3, 4, 6, 4, 6, 6, 3, 4, 4, 4, 4, 3, 4, 4, 4], 'd': [4, 4, 4, 4, 3], 'r': [224]}",2022-11-01 11:24:52.395398,4901664,0,399150224,76.39
"{'wid': None, 'ks': [5, 3, 7, 7, 7, 5, 5, 7, 7, 7, 5, 5, 5, 5, 5, 5, 7, 3, 7, 5], 'e': [4, 6, 4, 6, 6, 6, 6, 4, 6, 4, 6, 4, 4, 4, 4, 6, 6, 4, 4, 6], 'd': [3, 3, 3, 4, 4], 'r': [224]}",2022-11-01 11:27:00.294090,6088096,0,354134816,76.974
"{'wid': None, 'ks': [5, 7, 7, 5, 7, 5, 7, 7, 7, 5, 7, 3, 3, 5, 3, 5, 7, 7, 7, 5], 'e': [3, 6, 4, 6, 6, 6, 4, 3, 6, 6, 6, 4, 6, 6, 4, 6, 6, 6, 6, 6], 'd': [4, 4, 4, 4, 3], 'r': [224]}",2022-11-01 11:29:51.908215,6441320,0,436863968,77.09
"{'wid': None, 'ks': [7, 5, 7, 3, 3, 3, 7, 7, 5, 7, 5, 5, 3, 5, 5, 3, 7, 3, 5, 7], 'e': [6, 6, 6, 4, 4, 6, 6, 6, 4, 4, 3, 3, 4, 4, 6, 6, 4, 4, 4, 4], 'd': [3, 3, 3, 4, 3], 'r': [224]}",2022-11-01 11:32:14.978684,5177488,0,355233536,76.332
"{'wid': None, 'ks': [5, 5, 5, 5, 3, 3, 5, 7, 5, 7, 5, 5, 5, 5, 5, 3, 3, 5, 5, 5], 'e': [6, 4, 6, 4, 6, 3, 4, 6, 4, 4, 4, 3, 4, 4, 6, 4, 6, 4, 4, 4], 'd': [4, 3, 3, 4, 4], 'r': [224]}",2022-11-01 11:34:23.864946,5571880,0,345201312,76.63
"{'wid': None, 'ks': [3, 5, 3, 7, 7, 7, 7, 5, 7, 7, 5, 7, 5, 7, 5, 5, 5, 7, 7, 5], 'e': [6, 6, 6, 6, 6, 6, 4, 4, 6, 4, 4, 4, 4, 4, 6, 4, 6, 6, 3, 6], 'd': [3, 2, 4, 4, 4], 'r': [224]}",2022-11-01 11:36:32.976193,6323240,0,362086976,76.796
"{'wid': None, 'ks': [5, 5, 5, 7, 5, 7, 7, 7, 5, 5, 7, 5, 5, 7, 7, 5, 5, 7, 7, 7], 'e': [4, 6, 4, 3, 6, 6, 4, 3, 6, 4, 6, 6, 4, 4, 3, 6, 6, 6, 4, 4], 'd': [3, 4, 4, 4, 4], 'r': [224]}",2022-11-01 11:38:56.760847,6161968,0,381294432,76.962
"{'wid': None, 'ks': [5, 3, 7, 5, 7, 3, 5, 5, 3, 7, 5, 5, 3, 5, 5, 5, 7, 3, 5, 5], 'e': [4, 4, 3, 3, 6, 6, 6, 6, 4, 4, 3, 3, 4, 3, 6, 3, 6, 4, 4, 4], 'd': [3, 4, 3, 4, 3], 'r': [224]}",2022-11-01 11:40:49.400779,5113352,0,311082464,76.376
"{'wid': None, 'ks': [7, 5, 5, 7, 5, 5, 5, 5, 3, 5, 7, 5, 5, 5, 3, 7, 5, 3, 7, 5], 'e': [4, 3, 6, 6, 4, 4, 4, 6, 6, 4, 6, 4, 4, 4, 6, 6, 6, 6, 6, 6], 'd': [3, 3, 4, 3, 4], 'r': [224]}",2022-11-01 11:42:49.649462,6571640,0,328543904,76.786
"{'wid': None, 'ks': [7, 7, 7, 7, 7, 7, 5, 5, 5, 7, 5, 7, 5, 7, 5, 3, 7, 3, 7, 5], 'e': [4, 4, 4, 6, 4, 4, 6, 4, 6, 4, 6, 4, 4, 4, 4, 4, 6, 4, 6, 3], 'd': [4, 4, 4, 4, 4], 'r': [224]}",2022-11-01 11:45:41.898722,5845952,0,408046080,77.12
"{'wid': None, 'ks': [5, 5, 5, 5, 3, 7, 7, 7, 7, 5, 7, 5, 3, 5, 5, 5, 5, 7, 7, 5], 'e': [4, 4, 6, 6, 6, 6, 6, 4, 6, 4, 6, 6, 3, 4, 4, 6, 6, 4, 6, 6], 'd': [3, 4, 3, 4, 4], 'r': [224]}",2022-11-01 11:48:02.496562,6475192,0,377928224,77.038
"{'wid': None, 'ks': [7, 7, 5, 7, 7, 7, 5, 7, 7, 7, 5, 5, 5, 7, 5, 5, 5, 5, 7, 3], 'e': [6, 4, 4, 6, 4, 6, 4, 4, 6, 4, 6, 4, 6, 4, 4, 6, 4, 4, 6, 6], 'd': [4, 4, 4, 4, 3], 'r': [224]}",2022-11-01 11:51:03.392035,5656912,0,422448704,76.818
"{'wid': None, 'ks': [5, 3, 5, 7, 7, 5, 7, 7, 7, 7, 5, 3, 5, 5, 3, 7, 5, 7, 7, 7], 'e': [6, 6, 4, 4, 4, 6, 6, 6, 6, 4, 4, 4, 6, 4, 4, 4, 6, 4, 3, 6], 'd': [3, 3, 3, 4, 4], 'r': [224]}",2022-11-01 11:53:10.164174,5854712,0,345119232,76.95
"{'wid': None, 'ks': [7, 7, 7, 7, 7, 5, 7, 3, 5, 3, 5, 5, 5, 5, 7, 7, 7, 5, 5, 5], 'e': [4, 4, 6, 4, 6, 3, 6, 4, 4, 3, 4, 3, 6, 4, 4, 4, 6, 4, 4, 6], 'd': [4, 4, 4, 4, 3], 'r': [224]}",2022-11-01 11:55:57.268445,5209736,0,387552672,76.806
"{'wid': None, 'ks': [5, 5, 5, 7, 5, 5, 7, 5, 5, 7, 5, 3, 3, 7, 3, 7, 5, 3, 7, 7], 'e': [4, 6, 4, 4, 4, 6, 4, 6, 4, 4, 4, 4, 3, 4, 4, 4, 3, 3, 3, 6], 'd': [3, 3, 3, 4, 4], 'r': [224]}",2022-11-01 11:57:53.690894,5238368,0,302356368,76.106
"{'wid': None, 'ks': [5, 7, 5, 5, 3, 7, 7, 7, 7, 5, 7, 3, 5, 3, 7, 3, 5, 3, 5, 5], 'e': [4, 3, 6, 3, 6, 4, 4, 3, 6, 4, 3, 6, 4, 4, 3, 6, 4, 6, 3, 4], 'd': [3, 3, 4, 4, 3], 'r': [224]}",2022-11-01 11:59:52.258222,5188112,0,319054112,76.248
"{'wid': None, 'ks': [5, 5, 5, 7, 3, 5, 7, 5, 3, 5, 7, 5, 5, 5, 7, 3, 5, 7, 7, 7], 'e': [4, 4, 4, 3, 3, 6, 4, 3, 6, 3, 6, 4, 4, 4, 3, 6, 6, 6, 4, 4], 'd': [3, 3, 4, 4, 4], 'r': [224]}",2022-11-01 12:01:50.103977,6041936,0,329976864,76.718
"{'wid': None, 'ks': [5, 7, 5, 7, 5, 5, 3, 5, 5, 7, 7, 7, 5, 7, 7, 5, 5, 7, 7, 5], 'e': [4, 6, 4, 4, 4, 6, 3, 6, 6, 4, 4, 6, 6, 4, 3, 6, 4, 4, 4, 4], 'd': [3, 3, 4, 3, 4], 'r': [224]}",2022-11-01 12:03:58.590188,5212608,0,318781376,76.37
"{'wid': None, 'ks': [5, 3, 7, 7, 7, 7, 5, 7, 7, 5, 5, 5, 3, 7, 5, 5, 7, 3, 7, 5], 'e': [4, 6, 4, 6, 4, 6, 6, 4, 6, 4, 6, 4, 4, 4, 4, 4, 6, 4, 3, 6], 'd': [3, 3, 3, 4, 4], 'r': [224]}",2022-11-01 12:06:03.379333,5747344,0,337240320,76.82
"{'wid': None, 'ks': [7, 3, 7, 7, 7, 5, 7, 7, 7, 7, 5, 5, 5, 5, 3, 3, 7, 5, 5, 5], 'e': [6, 4, 6, 4, 6, 3, 4, 6, 4, 3, 4, 4, 6, 4, 4, 4, 4, 6, 3, 6], 'd': [4, 4, 4, 4, 3], 'r': [224]}",2022-11-01 12:08:47.894792,5231912,0,388321184,76.62
"{'wid': None, 'ks': [5, 5, 5, 5, 3, 7, 5, 7, 7, 5, 7, 5, 3, 5, 5, 5, 5, 5, 7, 5], 'e': [4, 4, 6, 6, 6, 4, 4, 4, 6, 4, 6, 4, 3, 4, 4, 6, 6, 4, 6, 6], 'd': [3, 4, 3, 4, 4], 'r': [224]}",2022-11-01 12:10:58.458639,6398664,0,357947424,76.982
"{'wid': None, 'ks': [7, 7, 7, 7, 7, 5, 7, 3, 5, 7, 5, 5, 5, 5, 5, 3, 7, 3, 5, 5], 'e': [4, 4, 6, 4, 6, 3, 6, 4, 6, 3, 4, 3, 4, 4, 4, 4, 6, 4, 4, 3], 'd': [4, 4, 4, 4, 3], 'r': [224]}",2022-11-01 12:13:41.794393,5092784,0,380598880,76.672
"{'wid': None, 'ks': [5, 3, 7, 3, 7, 7, 3, 7, 7, 5, 5, 5, 3, 7, 5, 5, 5, 3, 7, 5], 'e': [4, 4, 4, 6, 4, 6, 6, 4, 6, 3, 4, 4, 4, 4, 4, 4, 6, 4, 3, 4], 'd': [3, 3, 3, 4, 3], 'r': [224]}",2022-11-01 12:15:33.592984,4881728,0,299467392,76.436
"{'wid': None, 'ks': [7, 7, 5, 7, 7, 7, 5, 7, 7, 7, 5, 5, 5, 7, 5, 5, 5, 5, 7, 3], 'e': [6, 4, 4, 6, 4, 6, 4, 4, 6, 3, 6, 4, 6, 4, 4, 6, 4, 4, 6, 6], 'd': [4, 3, 4, 4, 3], 'r': [224]}",2022-11-01 12:18:26.996084,5605512,0,402977024,76.746
"{'wid': None, 'ks': [5, 5, 5, 7, 5, 5, 7, 5, 5, 5, 7, 5, 5, 5, 3, 7, 5, 7, 7, 7], 'e': [4, 6, 4, 4, 4, 6, 6, 6, 6, 4, 4, 4, 6, 4, 3, 6, 6, 4, 4, 6], 'd': [3, 3, 4, 4, 4], 'r': [224]}",2022-11-01 12:20:40.205580,6176736,0,359610464,76.964
"{'wid': None, 'ks': [5, 3, 7, 7, 7, 5, 7, 7, 5, 7, 5, 5, 5, 5, 7, 3, 7, 3, 5, 5], 'e': [4, 6, 4, 4, 6, 6, 6, 4, 6, 4, 6, 4, 4, 4, 4, 6, 6, 4, 4, 6], 'd': [3, 3, 3, 4, 4], 'r': [224]}",2022-11-01 12:22:48.592209,6072736,0,356769056,76.97
"{'wid': None, 'ks': [5, 3, 5, 7, 3, 7, 5, 5, 3, 7, 7, 5, 5, 5, 5, 5, 7, 3, 7, 5], 'e': [3, 6, 4, 3, 3, 3, 4, 6, 4, 3, 6, 4, 3, 4, 3, 6, 6, 4, 6, 6], 'd': [4, 4, 4, 4, 3], 'r': [224]}",2022-11-01 12:24:55.484744,5575016,0,341193120,76.524
"{'wid': None, 'ks': [5, 5, 5, 7, 7, 7, 5, 5, 7, 7, 3, 7, 7, 7, 5, 7, 5, 7, 5, 7], 'e': [4, 6, 6, 6, 3, 6, 6, 3, 6, 6, 4, 6, 4, 4, 6, 6, 6, 6, 4, 6], 'd': [3, 4, 2, 4, 3], 'r': [224]}",2022-11-01 12:27:17.074668,5834632,0,365118880,76.714
"{'wid': None, 'ks': [7, 5, 5, 7, 5, 7, 3, 7, 5, 5, 5, 7, 3, 5, 5, 5, 5, 3, 7, 5], 'e': [6, 6, 6, 4, 6, 4, 4, 6, 3, 4, 6, 6, 4, 4, 6, 6, 4, 4, 6, 4], 'd': [3, 4, 3, 4, 3], 'r': [224]}",2022-11-01 12:29:45.287718,5618744,0,375754592,76.546
"{'wid': None, 'ks': [7, 3, 7, 7, 5, 5, 5, 5, 5, 5, 5, 5, 7, 7, 7, 3, 7, 3, 3, 5], 'e': [4, 3, 3, 3, 4, 6, 4, 6, 4, 4, 6, 6, 4, 3, 4, 6, 6, 6, 4, 6], 'd': [3, 3, 4, 4, 4], 'r': [224]}",2022-11-01 12:31:45.148160,6390112,0,335756512,76.764
"{'wid': None, 'ks': [3, 5, 5, 5, 3, 7, 7, 5, 7, 5, 7, 3, 5, 3, 5, 5, 5, 7, 5, 5], 'e': [4, 3, 6, 3, 6, 6, 4, 3, 6, 4, 4, 4, 6, 4, 3, 6, 4, 6, 3, 4], 'd': [3, 3, 4, 4, 3], 'r': [224]}",2022-11-01 12:33:43.096492,5344032,0,325787488,76.442
"{'wid': None, 'ks': [7, 3, 5, 7, 7, 7, 5, 5, 7, 7, 5, 5, 5, 7, 3, 5, 3, 3, 7, 3], 'e': [3, 6, 4, 4, 6, 3, 4, 6, 3, 3, 6, 4, 6, 4, 6, 6, 4, 4, 6, 4], 'd': [4, 4, 4, 4, 4], 'r': [224]}",2022-11-01 12:36:08.892889,6178504,0,390710432,76.972
"{'wid': None, 'ks': [5, 5, 5, 7, 3, 7, 7, 7, 5, 5, 7, 5, 5, 7, 5, 5, 5, 7, 7, 5], 'e': [4, 6, 4, 3, 6, 6, 6, 4, 6, 4, 6, 6, 3, 4, 3, 6, 6, 6, 4, 4], 'd': [3, 4, 4, 4, 4], 'r': [224]}",2022-11-01 12:38:33.470356,6137136,0,385891232,76.934
"{'wid': None, 'ks': [5, 3, 5, 7, 7, 5, 5, 7, 7, 5, 5, 3, 3, 5, 3, 7, 5, 7, 5, 5], 'e': [6, 4, 4, 4, 4, 6, 3, 6, 6, 3, 6, 4, 4, 4, 4, 4, 6, 4, 3, 6], 'd': [3, 3, 3, 4, 4], 'r': [224]}",2022-11-01 12:40:26.370471,5677952,0,313951296,76.678
"{'wid': None, 'ks': [5, 3, 5, 5, 3, 7, 7, 5, 3, 5, 7, 5, 5, 5, 5, 5, 5, 7, 3, 5], 'e': [4, 3, 4, 3, 3, 6, 4, 3, 6, 4, 6, 4, 4, 4, 3, 6, 6, 4, 4, 4], 'd': [3, 3, 4, 4, 4], 'r': [224]}",2022-11-01 12:42:19.262240,5645784,0,320764448,76.64
"{'wid': None, 'ks': [5, 3, 7, 7, 7, 5, 5, 7, 7, 7, 5, 5, 5, 7, 5, 5, 7, 3, 7, 5], 'e': [4, 6, 4, 6, 6, 6, 6, 4, 6, 4, 6, 4, 4, 4, 4, 6, 6, 4, 4, 6], 'd': [3, 3, 3, 4, 4], 'r': [224]}",2022-11-01 12:44:28.977093,6098848,0,356242208,76.994
"{'wid': None, 'ks': [5, 5, 5, 7, 3, 5, 7, 7, 7, 5, 5, 5, 5, 5, 7, 3, 7, 5, 7, 5], 'e': [4, 4, 4, 3, 6, 3, 4, 3, 6, 3, 4, 4, 4, 4, 4, 6, 6, 6, 4, 4], 'd': [4, 4, 4, 4, 4], 'r': [224]}",2022-11-01 12:46:44.603154,6068496,0,361079136,76.944
"{'wid': None, 'ks': [7, 5, 3, 3, 3, 5, 3, 5, 3, 5, 5, 7, 3, 5, 5, 5, 5, 7, 7, 5], 'e': [4, 4, 4, 3, 3, 4, 4, 4, 6, 3, 4, 4, 4, 4, 4, 6, 6, 4, 4, 4], 'd': [3, 3, 3, 4, 3], 'r': [224]}",2022-11-01 12:48:26.559505,5153248,0,285905056,76.284
"{'wid': None, 'ks': [5, 7, 5, 5, 5, 5, 7, 7, 7, 5, 7, 3, 3, 5, 3, 5, 7, 7, 7, 5], 'e': [3, 6, 4, 6, 6, 6, 4, 3, 6, 4, 6, 4, 3, 6, 4, 6, 6, 3, 6, 6], 'd': [3, 4, 4, 4, 3], 'r': [224]}",2022-11-01 12:50:46.289382,5734968,0,369597888,76.744
"{'wid': None, 'ks': [7, 7, 7, 7, 5, 5, 7, 5, 5, 7, 5, 3, 5, 7, 5, 7, 7, 7, 7, 7], 'e': [4, 6, 4, 4, 4, 6, 6, 6, 6, 4, 4, 4, 6, 4, 4, 6, 6, 4, 3, 3], 'd': [3, 3, 4, 4, 4], 'r': [224]}",2022-11-01 12:53:20.786156,5606136,0,378938784,76.978
"{'wid': None, 'ks': [7, 7, 7, 7, 7, 5, 5, 7, 7, 5, 5, 5, 3, 5, 3, 7, 7, 7, 7, 5], 'e': [6, 4, 4, 4, 6, 6, 4, 4, 6, 3, 6, 6, 4, 4, 6, 6, 6, 4, 3, 6], 'd': [4, 4, 3, 4, 4], 'r': [224]}",2022-11-01 12:56:14.843138,6146848,0,419929024,77.046
"{'wid': None, 'ks': [7, 7, 5, 7, 7, 7, 5, 5, 5, 5, 5, 5, 3, 7, 7, 3, 3, 5, 7, 3], 'e': [3, 4, 4, 4, 4, 6, 6, 4, 3, 3, 6, 3, 6, 4, 6, 4, 6, 4, 4, 4], 'd': [4, 4, 4, 4, 4], 'r': [224]}",2022-11-01 12:58:47.585044,5835896,0,387427072,76.95
"{'wid': None, 'ks': [7, 5, 5, 7, 7, 7, 7, 5, 5, 7, 5, 5, 5, 7, 5, 5, 7, 7, 7, 3], 'e': [4, 4, 6, 6, 6, 6, 6, 6, 6, 6, 6, 6, 6, 4, 6, 6, 4, 4, 4, 4], 'd': [4, 4, 4, 4, 3], 'r': [224]}",2022-11-01 13:01:52.570110,5614632,0,451666816,76.868
"{'wid': None, 'ks': [7, 7, 7, 7, 7, 7, 5, 5, 5, 3, 5, 7, 5, 7, 7, 7, 7, 5, 7, 5], 'e': [4, 4, 4, 6, 4, 4, 6, 4, 4, 4, 6, 4, 6, 4, 4, 4, 6, 4, 6, 6], 'd': [4, 4, 4, 4, 4], 'r': [224]}",2022-11-01 13:04:49.984164,6473424,0,422832672,77.28
"{'wid': None, 'ks': [7, 5, 3, 7, 5, 5, 5, 7, 7, 5, 5, 7, 3, 5, 5, 5, 7, 7, 7, 5], 'e': [4, 6, 6, 6, 6, 4, 6, 4, 6, 4, 6, 4, 4, 4, 6, 6, 6, 4, 4, 6], 'd': [3, 4, 3, 4, 4], 'r': [224]}",2022-11-01 13:07:07.454823,6290376,0,379399584,76.946
"{'wid': None, 'ks': [5, 3, 5, 7, 7, 5, 5, 7, 7, 5, 5, 5, 3, 5, 3, 7, 7, 7, 5, 5], 'e': [6, 4, 4, 6, 4, 6, 3, 6, 6, 4, 6, 4, 4, 4, 6, 4, 6, 4, 3, 6], 'd': [3, 4, 3, 4, 4], 'r': [224]}",2022-11-01 13:09:14.656775,5951032,0,352300800,76.872
"{'wid': None, 'ks': [5, 5, 5, 7, 3, 5, 7, 5, 3, 7, 5, 3, 5, 7, 7, 3, 5, 7, 7, 7], 'e': [4, 4, 4, 3, 3, 6, 4, 3, 6, 3, 6, 4, 4, 4, 4, 6, 6, 6, 3, 4], 'd': [3, 3, 3, 4, 4], 'r': [224]}",2022-11-01 13:11:11.572296,5909184,0,322403648,76.67
"{'wid': None, 'ks': [7, 7, 7, 7, 5, 7, 5, 7, 7, 7, 5, 5, 3, 5, 5, 5, 7, 5, 7, 7], 'e': [6, 6, 6, 6, 4, 4, 6, 6, 4, 4, 6, 3, 4, 4, 4, 6, 4, 4, 6, 4], 'd': [4, 3, 3, 4, 4], 'r': [224]}",2022-11-01 13:14:19.884008,5895808,0,425559040,76.806
"{'wid': None, 'ks': [7, 5, 5, 7, 7, 7, 7, 7, 7, 5, 7, 5, 5, 7, 7, 5, 5, 7, 7, 7], 'e': [4, 6, 4, 6, 6, 6, 4, 3, 6, 4, 6, 6, 4, 4, 4, 6, 6, 6, 4, 4], 'd': [3, 3, 4, 4, 4], 'r': [224]}",2022-11-01 13:16:48.792745,6221224,0,383839904,77.018
"{'wid': None, 'ks': [5, 5, 3, 5, 5, 5, 7, 5, 5, 5, 5, 7, 5, 7, 3, 7, 5, 7, 7, 5], 'e': [3, 4, 4, 4, 6, 4, 4, 6, 6, 4, 4, 4, 6, 4, 6, 6, 6, 4, 3, 4], 'd': [3, 3, 3, 4, 4], 'r': [224]}",2022-11-01 13:18:40.869061,5774968,0,324221376,76.804
"{'wid': None, 'ks': [7, 3, 5, 5, 7, 5, 5, 5, 5, 7, 5, 5, 5, 7, 3, 5, 3, 5, 7, 3], 'e': [4, 3, 4, 6, 6, 6, 4, 4, 6, 4, 6, 4, 6, 4, 6, 6, 6, 4, 4, 4], 'd': [4, 4, 4, 4, 4], 'r': [224]}",2022-11-01 13:21:08.496259,6039720,0,399820512,77.148
"{'wid': None, 'ks': [3, 3, 7, 5, 7, 3, 5, 5, 3, 7, 5, 5, 3, 5, 5, 5, 7, 5, 5, 5], 'e': [4, 4, 4, 4, 6, 4, 6, 6, 6, 4, 4, 3, 6, 4, 3, 3, 6, 4, 4, 4], 'd': [4, 4, 3, 4, 4], 'r': [224]}",2022-11-01 13:23:15.988806,5476616,0,345189600,76.84
"{'wid': None, 'ks': [5, 7, 3, 7, 7, 7, 7, 7, 7, 7, 5, 7, 5, 7, 7, 5, 5, 7, 7, 5], 'e': [6, 6, 6, 6, 6, 6, 4, 4, 6, 4, 4, 6, 4, 4, 6, 4, 6, 6, 3, 6], 'd': [3, 2, 4, 4, 4], 'r': [224]}",2022-11-01 13:25:43.888841,6378440,0,387457216,76.808
"{'wid': None, 'ks': [7, 3, 5, 7, 7, 7, 5, 7, 5, 7, 7, 5, 5, 5, 5, 5, 7, 5, 7, 5], 'e': [6, 6, 4, 6, 6, 6, 4, 6, 4, 4, 6, 6, 3, 4, 4, 6, 6, 4, 4, 6], 'd': [4, 4, 4, 4, 3], 'r': [224]}",2022-11-01 13:28:40.175328,5406280,0,426261600,76.924
"{'wid': None, 'ks': [5, 5, 5, 5, 5, 7, 7, 7, 7, 5, 7, 5, 3, 5, 7, 5, 5, 7, 7, 7], 'e': [4, 4, 6, 6, 6, 6, 4, 3, 6, 4, 6, 6, 4, 4, 4, 6, 6, 4, 6, 6], 'd': [3, 4, 3, 4, 4], 'r': [224]}",2022-11-01 13:31:00.677847,6509112,0,373983712,77.048
"{'wid': None, 'ks': [5, 3, 5, 7, 7, 5, 7, 7, 7, 7, 5, 5, 5, 5, 3, 7, 7, 7, 7, 7], 'e': [6, 6, 4, 6, 4, 6, 6, 6, 6, 4, 4, 4, 6, 4, 6, 4, 6, 4, 3, 6], 'd': [3, 3, 3, 4, 4], 'r': [224]}",2022-11-01 13:33:09.952677,6049648,0,356264576,76.966
"{'wid': None, 'ks': [3, 5, 7, 7, 5, 5, 5, 5, 5, 5, 5, 5, 7, 7, 7, 3, 7, 3, 7, 7], 'e': [4, 6, 4, 4, 4, 6, 4, 4, 6, 4, 6, 6, 6, 4, 4, 4, 6, 6, 3, 6], 'd': [3, 3, 3, 4, 4], 'r': [224]}",2022-11-01 13:35:15.997333,6213840,0,344576448,76.972
"{'wid': None, 'ks': [5, 3, 7, 7, 7, 7, 5, 7, 7, 5, 5, 5, 3, 5, 5, 5, 7, 3, 7, 5], 'e': [4, 6, 4, 6, 4, 6, 6, 4, 6, 4, 6, 4, 4, 4, 4, 4, 6, 4, 3, 6], 'd': [3, 3, 3, 4, 4], 'r': [224]}",2022-11-01 13:37:18.887308,5736592,0,335132928,76.778
"{'wid': None, 'ks': [7, 7, 7, 7, 7, 5, 7, 5, 3, 7, 7, 5, 5, 5, 7, 3, 5, 7, 5, 7], 'e': [3, 4, 6, 4, 3, 6, 6, 4, 4, 3, 6, 3, 6, 4, 3, 4, 6, 6, 4, 6], 'd': [3, 3, 4, 4, 3], 'r': [224]}",2022-11-01 13:39:39.706719,5523736,0,345646880,76.596
"{'wid': None, 'ks': [5, 5, 5, 7, 5, 7, 7, 7, 7, 5, 7, 5, 5, 7, 7, 5, 7, 7, 7, 7], 'e': [4, 6, 6, 6, 6, 6, 6, 3, 6, 4, 6, 4, 4, 4, 6, 6, 6, 6, 4, 4], 'd': [3, 4, 4, 4, 4], 'r': [224]}",2022-11-01 13:42:17.486368,6446120,0,414654752,77.208
"{'wid': None, 'ks': [5, 5, 7, 3, 7, 5, 7, 5, 5, 7, 5, 3, 3, 7, 3, 7, 5, 7, 7, 7], 'e': [4, 6, 4, 4, 4, 6, 6, 6, 4, 6, 4, 4, 6, 4, 4, 4, 6, 6, 3, 6], 'd': [4, 3, 3, 4, 4], 'r': [224]}",2022-11-01 13:44:40.672928,6258248,0,373304448,77.01
"{'wid': None, 'ks': [5, 5, 5, 7, 7, 7, 5, 5, 5, 7, 5, 7, 5, 7, 3, 3, 5, 3, 7, 5], 'e': [4, 4, 4, 6, 4, 4, 6, 4, 6, 4, 6, 4, 4, 4, 4, 4, 6, 4, 6, 6], 'd': [4, 4, 3, 4, 4], 'r': [224]}",2022-11-01 13:47:10.078608,6261912,0,381934816,77.044
"{'wid': None, 'ks': [5, 5, 5, 7, 7, 5, 7, 3, 5, 3, 5, 7, 5, 5, 7, 7, 7, 5, 5, 5], 'e': [4, 4, 6, 6, 4, 3, 6, 6, 4, 3, 4, 3, 6, 4, 4, 4, 6, 4, 4, 6], 'd': [4, 4, 4, 4, 3], 'r': [224]}",2022-11-01 13:49:45.126220,5225920,0,379033760,76.808
"{'wid': None, 'ks': [5, 3, 7, 7, 7, 5, 7, 3, 5, 3, 5, 5, 5, 5, 7, 7, 5, 5, 5, 5], 'e': [4, 4, 6, 4, 6, 3, 6, 4, 4, 3, 4, 3, 6, 4, 4, 4, 6, 4, 4, 6], 'd': [4, 3, 4, 4, 3], 'r': [224]}",2022-11-01 13:52:14.759790,5160272,0,358726304,76.636
"{'wid': None, 'ks': [5, 3, 5, 7, 7, 5, 5, 7, 7, 5, 5, 5, 3, 5, 3, 7, 7, 7, 5, 5], 'e': [4, 4, 4, 6, 4, 6, 3, 6, 6, 3, 6, 4, 4, 4, 6, 4, 6, 4, 3, 6], 'd': [3, 3, 3, 4, 4], 'r': [224]}",2022-11-01 13:54:03.560360,5870680,0,313756864,76.706
"{'wid': None, 'ks': [5, 5, 5, 7, 7, 5, 7, 3, 7, 5, 7, 3, 5, 5, 3, 3, 3, 7, 7, 5], 'e': [4, 6, 4, 6, 6, 3, 4, 6, 6, 4, 4, 3, 6, 4, 4, 4, 3, 4, 3, 4], 'd': [3, 3, 4, 4, 3], 'r': [224]}",2022-11-01 13:56:00.502157,4732240,0,305730480,76.196
"{'wid': None, 'ks': [7, 7, 5, 7, 7, 5, 7, 7, 7, 7, 5, 3, 5, 5, 3, 7, 7, 7, 7, 7], 'e': [6, 6, 4, 4, 4, 6, 6, 6, 6, 4, 4, 4, 6, 4, 4, 4, 6, 4, 3, 6], 'd': [3, 4, 3, 4, 4], 'r': [224]}",2022-11-01 13:58:45.052234,5941928,0,395501568,77.026
"{'wid': None, 'ks': [5, 5, 5, 5, 3, 7, 7, 7, 7, 5, 7, 5, 3, 5, 5, 5, 5, 7, 7, 5], 'e': [6, 4, 6, 6, 6, 6, 6, 4, 6, 4, 6, 6, 3, 4, 4, 6, 6, 4, 6, 6], 'd': [3, 4, 3, 4, 4], 'r': [224]}",2022-11-01 14:01:11.891183,6477400,0,389268000,77.066
"{'wid': None, 'ks': [7, 7, 7, 7, 5, 5, 7, 5, 5, 7, 5, 5, 5, 7, 3, 7, 5, 7, 7, 7], 'e': [4, 6, 6, 4, 4, 6, 6, 6, 6, 6, 6, 4, 6, 4, 4, 6, 6, 6, 4, 6], 'd': [4, 4, 3, 4, 4], 'r': [224]}",2022-11-01 14:04:23.887972,6713976,0,460139872,77.162
"{'wid': None, 'ks': [5, 5, 5, 7, 5, 5, 7, 5, 5, 7, 5, 7, 5, 5, 3, 7, 5, 7, 7, 7], 'e': [4, 6, 4, 4, 6, 6, 6, 6, 6, 4, 4, 4, 6, 4, 4, 4, 6, 4, 3, 6], 'd': [3, 3, 3, 4, 4], 'r': [224]}",2022-11-01 14:06:32.287005,5858184,0,344135168,76.874
"{'wid': None, 'ks': [7, 7, 7, 7, 5, 5, 7, 5, 5, 3, 5, 5, 5, 7, 3, 7, 5, 7, 7, 7], 'e': [4, 6, 6, 4, 4, 6, 6, 6, 6, 6, 6, 4, 6, 4, 4, 6, 6, 4, 4, 6], 'd': [4, 4, 3, 4, 4], 'r': [224]}",2022-11-01 14:09:39.953146,6319016,0,450334752,77.152
"{'wid': None, 'ks': [5, 5, 5, 5, 3, 7, 5, 7, 7, 5, 5, 5, 3, 5, 5, 3, 5, 7, 7, 5], 'e': [4, 4, 6, 6, 4, 6, 6, 4, 6, 4, 6, 4, 3, 4, 4, 4, 6, 4, 6, 6], 'd': [3, 4, 3, 4, 4], 'r': [224]}",2022-11-01 14:11:50.168725,6257680,0,353228448,76.902
"{'wid': None, 'ks': [5, 3, 5, 7, 3, 7, 7, 7, 5, 5, 7, 5, 5, 7, 3, 5, 3, 5, 7, 5], 'e': [4, 6, 4, 3, 6, 6, 4, 4, 6, 4, 6, 6, 3, 4, 3, 6, 6, 6, 4, 4], 'd': [3, 4, 4, 4, 4], 'r': [224]}",2022-11-01 14:13:59.874497,6067000,0,367847584,76.88
"{'wid': None, 'ks': [7, 3, 5, 7, 7, 5, 5, 7, 5, 7, 7, 5, 3, 5, 5, 7, 7, 5, 7, 5], 'e': [6, 6, 4, 6, 6, 6, 4, 6, 4, 4, 6, 6, 3, 4, 4, 6, 6, 4, 4, 6], 'd': [4, 4, 4, 4, 3], 'r': [224]}",2022-11-01 14:16:53.887151,5412808,0,424154208,76.876
"{'wid': None, 'ks': [3, 7, 5, 7, 7, 7, 5, 5, 5, 5, 5, 5, 3, 7, 5, 3, 3, 5, 7, 3], 'e': [3, 3, 4, 4, 4, 6, 4, 4, 3, 3, 6, 3, 6, 4, 4, 4, 6, 4, 3, 4], 'd': [3, 4, 4, 4, 4], 'r': [224]}",2022-11-01 14:18:49.285486,5447064,0,321098208,76.668
"{'wid': None, 'ks': [5, 3, 5, 7, 7, 5, 7, 7, 7, 7, 5, 3, 5, 5, 3, 3, 5, 7, 7, 7], 'e': [6, 6, 4, 4, 4, 6, 6, 4, 6, 4, 4, 4, 6, 4, 4, 4, 6, 4, 3, 6], 'd': [3, 3, 3, 4, 4], 'r': [224]}",2022-11-01 14:20:52.890196,5836792,0,341606912,76.922
"{'wid': None, 'ks': [5, 3, 7, 7, 7, 5, 5, 7, 7, 7, 5, 5, 5, 7, 5, 3, 7, 3, 7, 5], 'e': [4, 6, 4, 6, 4, 4, 6, 4, 6, 4, 6, 4, 4, 4, 4, 4, 6, 4, 4, 6], 'd': [3, 3, 3, 4, 4], 'r': [224]}",2022-11-01 14:22:52.586307,5869952,0,330207392,76.92
"{'wid': None, 'ks': [5, 3, 5, 5, 3, 7, 7, 5, 7, 5, 7, 5, 3, 5, 5, 5, 5, 7, 7, 5], 'e': [4, 4, 6, 4, 6, 3, 4, 4, 6, 3, 6, 4, 3, 4, 4, 6, 6, 4, 6, 6], 'd': [3, 4, 3, 4, 4], 'r': [224]}",2022-11-01 14:24:56.180211,6386880,0,346931808,76.858
"{'wid': None, 'ks': [5, 3, 5, 7, 7, 5, 7, 7, 7, 7, 5, 5, 5, 5, 3, 7, 3, 7, 7, 7], 'e': [6, 6, 4, 6, 4, 6, 6, 6, 6, 4, 4, 4, 6, 4, 6, 4, 6, 4, 3, 6], 'd': [4, 4, 4, 4, 4], 'r': [224]}",2022-11-01 14:27:45.794576,6161024,0,434657664,77.182
"{'wid': None, 'ks': [5, 7, 7, 5, 7, 3, 7, 7, 7, 5, 7, 3, 3, 5, 3, 5, 7, 7, 5, 5], 'e': [3, 4, 4, 6, 6, 6, 4, 3, 6, 4, 6, 4, 6, 4, 4, 3, 6, 6, 4, 6], 'd': [4, 4, 3, 4, 3], 'r': [224]}",2022-11-01 14:30:12.881919,5521280,0,368434016,76.804
"{'wid': None, 'ks': [5, 5, 5, 7, 5, 7, 5, 5, 5, 5, 7, 5, 5, 7, 7, 5, 7, 7, 7, 5], 'e': [4, 6, 4, 6, 6, 4, 6, 3, 4, 4, 6, 4, 4, 4, 4, 6, 6, 4, 4, 4], 'd': [3, 4, 4, 4, 4], 'r': [224]}",2022-11-01 14:32:29.083260,5808552,0,364593696,76.9
"{'wid': None, 'ks': [3, 5, 5, 5, 7, 5, 5, 7, 3, 5, 5, 7, 3, 5, 3, 5, 7, 7, 5, 5], 'e': [6, 4, 4, 4, 4, 4, 4, 6, 6, 3, 6, 6, 4, 4, 3, 6, 6, 4, 3, 6], 'd': [4, 4, 3, 4, 4], 'r': [224]}",2022-11-01 14:34:41.672750,5841472,0,359628928,76.79
"{'wid': None, 'ks': [3, 5, 7, 7, 5, 7, 7, 7, 7, 5, 5, 5, 5, 7, 7, 3, 5, 3, 7, 7], 'e': [4, 6, 4, 6, 4, 6, 4, 4, 6, 4, 6, 6, 6, 4, 4, 4, 6, 6, 4, 4], 'd': [3, 3, 4, 4, 4], 'r': [224]}",2022-11-01 14:36:55.485222,6066152,0,364529056,77.028
"{'wid': None, 'ks': [7, 5, 5, 7, 7, 7, 7, 5, 7, 7, 5, 5, 5, 7, 3, 5, 7, 7, 7, 3], 'e': [4, 4, 4, 6, 4, 6, 6, 6, 6, 4, 4, 6, 6, 4, 6, 6, 4, 4, 4, 4], 'd': [4, 4, 4, 4, 3], 'r': [224]}",2022-11-01 14:39:46.485107,5529032,0,420375168,76.856
"{'wid': None, 'ks': [7, 7, 7, 7, 7, 5, 7, 7, 5, 7, 5, 5, 5, 5, 7, 7, 7, 5, 5, 5], 'e': [4, 4, 6, 4, 6, 3, 4, 4, 4, 3, 4, 3, 6, 4, 4, 4, 6, 4, 4, 6], 'd': [4, 4, 3, 4, 3], 'r': [224]}",2022-11-01 14:42:31.463564,5151552,0,377640672,76.688
"{'wid': None, 'ks': [7, 7, 7, 7, 7, 7, 5, 5, 5, 7, 5, 7, 5, 7, 3, 3, 7, 3, 7, 5], 'e': [4, 4, 4, 6, 4, 4, 6, 4, 6, 4, 6, 4, 4, 4, 4, 4, 6, 4, 6, 3], 'd': [4, 4, 3, 4, 4], 'r': [224]}",2022-11-01 14:45:15.550070,5770464,0,393532672,77.04
"{'wid': None, 'ks': [5, 5, 5, 7, 5, 5, 7, 5, 5, 5, 7, 5, 3, 5, 3, 7, 5, 7, 7, 7], 'e': [4, 4, 4, 4, 4, 6, 4, 3, 6, 4, 4, 4, 6, 4, 3, 6, 6, 4, 4, 6], 'd': [3, 3, 4, 4, 4], 'r': [224]}",2022-11-01 14:47:16.287860,6136696,0,339007840,76.894
"{'wid': None, 'ks': [7, 3, 7, 7, 7, 5, 5, 7, 7, 7, 5, 5, 5, 5, 5, 5, 7, 3, 7, 5], 'e': [4, 6, 4, 4, 6, 6, 6, 4, 6, 4, 6, 4, 6, 4, 4, 6, 4, 4, 4, 6], 'd': [4, 3, 3, 4, 4], 'r': [224]}",2022-11-01 14:49:47.175619,6000416,0,387686592,76.982
"{'wid': None, 'ks': [5, 5, 7, 7, 5, 7, 7, 7, 7, 5, 7, 5, 5, 7, 7, 5, 5, 7, 7, 7], 'e': [4, 6, 6, 6, 6, 6, 6, 3, 6, 4, 6, 4, 4, 4, 4, 6, 6, 6, 4, 4], 'd': [3, 4, 4, 4, 4], 'r': [224]}",2022-11-01 14:52:28.551331,6245680,0,412591264,77.112
"{'wid': None, 'ks': [5, 3, 5, 7, 3, 7, 5, 7, 7, 7, 7, 5, 3, 5, 5, 5, 5, 5, 7, 5], 'e': [6, 4, 4, 6, 6, 6, 4, 4, 4, 4, 6, 6, 3, 4, 4, 6, 6, 4, 4, 6], 'd': [4, 4, 4, 4, 3], 'r': [224]}",2022-11-01 14:55:02.884039,5350496,0,397041248,76.788
"{'wid': None, 'ks': [5, 3, 5, 7, 7, 5, 7, 7, 5, 7, 5, 3, 5, 5, 7, 3, 7, 3, 5, 5], 'e': [4, 6, 4, 4, 4, 6, 6, 4, 6, 4, 6, 4, 4, 4, 4, 6, 6, 4, 4, 6], 'd': [3, 3, 3, 4, 4], 'r': [224]}",2022-11-01 14:57:02.093832,6057840,0,342574880,76.882
"{'wid': None, 'ks': [7, 5, 5, 7, 3, 5, 7, 7, 7, 7, 5, 3, 3, 5, 3, 7, 7, 7, 7, 5], 'e': [6, 6, 4, 4, 4, 6, 6, 6, 6, 4, 4, 4, 6, 4, 4, 4, 6, 4, 3, 6], 'd': [3, 4, 3, 4, 4], 'r': [224]}",2022-11-01 14:59:30.685473,5903912,0,379018752,76.938
"{'wid': None, 'ks': [7, 7, 5, 7, 7, 5, 7, 7, 7, 7, 5, 3, 5, 7, 3, 7, 7, 7, 7, 7], 'e': [6, 6, 4, 4, 4, 6, 6, 6, 6, 4, 4, 4, 6, 4, 6, 6, 6, 4, 3, 6], 'd': [3, 4, 3, 4, 4], 'r': [224]}",2022-11-01 15:02:19.752355,6319256,0,420075264,77.098
"{'wid': None, 'ks': [7, 7, 7, 7, 7, 7, 5, 5, 5, 7, 5, 7, 5, 7, 7, 7, 7, 5, 7, 5], 'e': [4, 4, 4, 6, 4, 4, 6, 4, 4, 4, 6, 4, 6, 4, 4, 4, 6, 6, 6, 6], 'd': [4, 4, 4, 4, 4], 'r': [224]}",2022-11-01 15:05:18.062679,6854304,0,431007072,77.164
"{'wid': None, 'ks': [5, 5, 5, 7, 7, 7, 7, 5, 5, 7, 7, 7, 5, 7, 3, 5, 5, 3, 7, 5], 'e': [6, 4, 4, 6, 6, 4, 6, 4, 6, 4, 6, 6, 4, 4, 4, 6, 6, 4, 6, 6], 'd': [4, 4, 3, 4, 4], 'r': [224]}",2022-11-01 15:08:04.371574,6483552,0,419479648,77.068
"{'wid': None, 'ks': [7, 5, 5, 7, 7, 7, 5, 5, 5, 7, 5, 5, 5, 7, 5, 5, 5, 7, 7, 3], 'e': [6, 6, 4, 4, 6, 6, 6, 6, 3, 4, 6, 4, 6, 4, 6, 6, 4, 4, 4, 4], 'd': [4, 4, 4, 4, 4], 'r': [224]}",2022-11-01 15:11:01.697082,5933088,0,437704736,77.04
"{'wid': None, 'ks': [7, 7, 7, 7, 7, 7, 5, 7, 7, 5, 5, 5, 5, 5, 3, 5, 7, 7, 7, 5], 'e': [6, 4, 4, 4, 6, 6, 4, 4, 6, 3, 6, 6, 4, 4, 6, 6, 6, 4, 3, 6], 'd': [4, 4, 3, 4, 4], 'r': [224]}",2022-11-01 15:13:58.896789,6141600,0,422287296,77.016
"{'wid': None, 'ks': [7, 3, 7, 5, 5, 5, 5, 5, 5, 5, 5, 5, 7, 5, 7, 3, 7, 3, 3, 5], 'e': [4, 4, 4, 4, 4, 6, 6, 4, 6, 4, 6, 6, 6, 4, 6, 4, 6, 4, 4, 6], 'd': [4, 3, 3, 4, 4], 'r': [224]}",2022-11-01 15:16:17.604686,6160248,0,370568096,77.104
"{'wid': None, 'ks': [5, 3, 7, 7, 7, 5, 7, 7, 5, 7, 5, 5, 5, 5, 7, 7, 7, 3, 5, 5], 'e': [4, 6, 4, 4, 6, 6, 6, 6, 6, 4, 6, 4, 4, 4, 4, 6, 6, 4, 4, 6], 'd': [3, 3, 3, 4, 4], 'r': [224]}",2022-11-01 15:18:30.758227,6099616,0,362037536,76.936
"{'wid': None, 'ks': [7, 7, 7, 7, 7, 7, 5, 5, 5, 7, 5, 7, 5, 7, 5, 5, 7, 3, 7, 5], 'e': [4, 4, 4, 6, 6, 6, 6, 4, 6, 4, 6, 4, 4, 4, 4, 6, 6, 4, 6, 3], 'd': [4, 4, 4, 4, 4], 'r': [224]}",2022-11-01 15:21:33.686341,6076768,0,435586176,77.162
"{'wid': None, 'ks': [7, 5, 5, 7, 7, 7, 5, 7, 7, 7, 5, 5, 5, 7, 3, 5, 3, 3, 7, 3], 'e': [3, 6, 4, 6, 6, 6, 6, 6, 3, 4, 6, 6, 6, 4, 6, 6, 4, 4, 6, 4], 'd': [4, 4, 4, 4, 4], 'r': [224]}",2022-11-01 15:24:29.512175,6304592,0,444894432,77.048
"{'wid': None, 'ks': [7, 3, 5, 5, 7, 5, 5, 5, 5, 7, 5, 5, 5, 7, 3, 5, 7, 5, 7, 3], 'e': [4, 3, 4, 6, 6, 6, 4, 4, 6, 4, 6, 4, 6, 4, 6, 6, 6, 4, 4, 4], 'd': [3, 3, 3, 4, 4], 'r': [224]}",2022-11-01 15:26:31.570006,5964304,0,343384800,76.962
"{'wid': None, 'ks': [3, 3, 7, 5, 7, 5, 5, 5, 3, 7, 5, 5, 3, 5, 5, 5, 7, 5, 7, 5], 'e': [4, 6, 4, 4, 6, 4, 6, 6, 6, 6, 4, 3, 6, 6, 3, 6, 6, 4, 6, 4], 'd': [4, 4, 4, 4, 4], 'r': [224]}",2022-11-01 15:28:56.109314,6387296,0,405450272,77.172
"{'wid': None, 'ks': [7, 7, 7, 7, 7, 7, 7, 7, 7, 3, 5, 7, 5, 7, 7, 7, 7, 5, 7, 7], 'e': [4, 4, 6, 6, 4, 6, 6, 4, 6, 4, 6, 4, 6, 4, 6, 4, 6, 6, 6, 6], 'd': [4, 4, 4, 4, 4], 'r': [224]}",2022-11-01 15:32:18.476015,7113104,0,477259040,77.384
"{'wid': None, 'ks': [5, 3, 7, 7, 7, 3, 5, 5, 7, 7, 5, 5, 3, 5, 5, 7, 7, 5, 7, 5], 'e': [4, 4, 4, 6, 6, 6, 6, 6, 6, 4, 4, 3, 6, 4, 6, 3, 6, 4, 4, 4], 'd': [4, 4, 3, 4, 4], 'r': [224]}",2022-11-01 15:34:52.970766,5795360,0,396607008,77.092
"{'wid': None, 'ks': [7, 5, 5, 7, 7, 5, 5, 5, 5, 5, 7, 5, 7, 7, 7, 5, 7, 7, 7, 7], 'e': [4, 6, 4, 4, 6, 6, 4, 3, 6, 4, 6, 6, 4, 4, 4, 6, 6, 6, 3, 6], 'd': [3, 3, 3, 4, 4], 'r': [224]}",2022-11-01 15:37:12.270302,6365072,0,363134656,76.988
"{'wid': None, 'ks': [5, 3, 5, 7, 7, 5, 7, 7, 5, 7, 5, 5, 5, 5, 5, 7, 7, 7, 7, 7], 'e': [6, 6, 6, 6, 6, 6, 6, 6, 6, 6, 6, 4, 6, 4, 6, 4, 6, 4, 3, 6], 'd': [3, 3, 3, 4, 4], 'r': [224]}",2022-11-01 15:39:34.782919,6135248,0,387556224,77.074
"{'wid': None, 'ks': [7, 7, 7, 7, 7, 5, 5, 7, 7, 5, 5, 5, 3, 5, 3, 7, 7, 7, 7, 5], 'e': [6, 4, 4, 4, 6, 6, 6, 4, 6, 3, 6, 6, 4, 4, 6, 6, 6, 4, 3, 6], 'd': [4, 4, 4, 4, 4], 'r': [224]}",2022-11-01 15:42:34.888398,6264472,0,443937344,77.108
"{'wid': None, 'ks': [5, 5, 5, 7, 7, 7, 5, 5, 5, 7, 5, 7, 5, 7, 5, 3, 5, 3, 7, 5], 'e': [4, 4, 4, 6, 4, 4, 6, 4, 6, 4, 6, 4, 4, 4, 4, 4, 6, 4, 6, 6], 'd': [4, 4, 4, 4, 4], 'r': [224]}",2022-11-01 15:45:09.087711,6337400,0,396448224,77.2
"{'wid': None, 'ks': [5, 5, 5, 5, 5, 7, 7, 7, 7, 5, 7, 5, 5, 5, 7, 5, 5, 7, 7, 7], 'e': [4, 6, 6, 6, 6, 6, 6, 6, 6, 4, 6, 6, 4, 4, 4, 6, 6, 4, 6, 6], 'd': [3, 4, 3, 4, 4], 'r': [224]}",2022-11-01 15:47:44.058101,6585744,0,406243936,77.144
"{'wid': None, 'ks': [5, 3, 5, 7, 7, 7, 5, 5, 5, 7, 5, 5, 5, 7, 3, 5, 3, 5, 7, 3], 'e': [6, 6, 4, 6, 6, 6, 4, 6, 3, 4, 6, 4, 4, 4, 6, 6, 6, 4, 4, 4], 'd': [3, 4, 4, 4, 4], 'r': [224]}",2022-11-01 15:49:59.797057,5948712,0,384265344,77.05
"{'wid': None, 'ks': [7, 7, 5, 7, 5, 5, 7, 5, 5, 7, 5, 5, 5, 7, 3, 7, 7, 7, 7, 7], 'e': [4, 6, 6, 4, 4, 6, 6, 6, 6, 6, 6, 4, 6, 4, 6, 6, 6, 6, 4, 6], 'd': [4, 4, 3, 4, 4], 'r': [224]}",2022-11-01 15:53:04.984288,6905456,0,460447200,77.242
"{'wid': None, 'ks': [7, 5, 5, 5, 7, 7, 7, 7, 5, 5, 7, 5, 5, 5, 5, 5, 7, 7, 7, 5], 'e': [4, 6, 6, 6, 6, 6, 6, 6, 6, 4, 6, 6, 3, 4, 4, 6, 6, 4, 6, 6], 'd': [3, 4, 3, 4, 4], 'r': [224]}",2022-11-01 15:55:44.306498,6529056,0,406772256,77.12
"{'wid': None, 'ks': [5, 3, 7, 7, 7, 5, 7, 7, 7, 7, 5, 5, 5, 5, 3, 7, 5, 7, 7, 7], 'e': [6, 6, 4, 4, 6, 6, 6, 6, 6, 4, 4, 4, 6, 4, 4, 4, 6, 4, 3, 6], 'd': [3, 3, 3, 4, 4], 'r': [224]}",2022-11-01 15:57:58.995649,5869608,0,359313408,76.952
"{'wid': None, 'ks': [5, 7, 5, 5, 7, 7, 7, 7, 7, 5, 7, 5, 5, 5, 5, 5, 5, 7, 7, 7], 'e': [6, 4, 6, 6, 6, 6, 6, 4, 6, 4, 6, 6, 3, 4, 4, 6, 6, 4, 6, 6], 'd': [3, 4, 3, 4, 4], 'r': [224]}",2022-11-01 16:00:36.181623,6512344,0,402890784,77.05
"{'wid': None, 'ks': [5, 7, 7, 7, 5, 5, 7, 7, 7, 5, 5, 3, 3, 5, 3, 7, 7, 7, 7, 5], 'e': [3, 6, 4, 6, 4, 6, 4, 3, 6, 6, 6, 4, 6, 4, 4, 6, 6, 6, 6, 6], 'd': [4, 4, 4, 4, 3], 'r': [224]}",2022-11-01 16:03:28.872104,6252096,0,428772448,77.08
"{'wid': None, 'ks': [7, 7, 7, 5, 7, 5, 7, 5, 5, 7, 7, 3, 5, 7, 5, 5, 7, 7, 7, 7], 'e': [4, 6, 4, 4, 6, 6, 6, 6, 6, 4, 4, 4, 6, 6, 4, 6, 6, 4, 3, 3], 'd': [3, 3, 4, 4, 4], 'r': [224]}",2022-11-01 16:06:08.399314,5800352,0,398169376,77.082
"{'wid': None, 'ks': [7, 3, 5, 5, 7, 5, 5, 5, 5, 7, 5, 5, 5, 7, 3, 5, 3, 5, 7, 3], 'e': [4, 3, 4, 6, 6, 4, 4, 4, 4, 4, 6, 4, 6, 4, 4, 4, 6, 4, 4, 4], 'd': [4, 4, 4, 4, 4], 'r': [224]}",2022-11-01 16:08:27.096037,5639856,0,367649184,77.17
"{'wid': None, 'ks': [7, 7, 7, 7, 7, 7, 5, 5, 5, 3, 5, 7, 5, 7, 7, 7, 7, 5, 7, 5], 'e': [4, 4, 4, 6, 4, 6, 6, 4, 6, 4, 6, 4, 6, 4, 6, 6, 6, 4, 6, 6], 'd': [4, 4, 4, 4, 4], 'r': [224]}",2022-11-01 16:11:34.591448,6889544,0,459319136,77.288
"{'wid': None, 'ks': [5, 5, 5, 7, 7, 7, 5, 5, 5, 3, 5, 7, 5, 7, 7, 3, 7, 5, 7, 5], 'e': [4, 4, 4, 6, 4, 4, 6, 4, 6, 4, 6, 4, 6, 4, 4, 6, 6, 4, 6, 6], 'd': [4, 4, 4, 4, 4], 'r': [224]}",2022-11-01 16:14:12.974390,6640088,0,414563040,77.182
"{'wid': None, 'ks': [7, 7, 7, 7, 7, 7, 5, 5, 5, 7, 5, 7, 5, 7, 5, 3, 7, 5, 7, 5], 'e': [4, 4, 4, 6, 4, 4, 6, 4, 4, 4, 6, 4, 4, 4, 4, 4, 6, 4, 6, 6], 'd': [4, 4, 4, 4, 4], 'r': [224]}",2022-11-01 16:17:04.100062,6357992,0,412852640,77.22
"{'wid': None, 'ks': [5, 7, 7, 7, 7, 7, 5, 5, 5, 3, 5, 7, 5, 7, 7, 5, 3, 5, 7, 5], 'e': [4, 4, 4, 6, 4, 4, 4, 4, 3, 4, 6, 4, 6, 4, 4, 4, 6, 4, 6, 6], 'd': [3, 4, 4, 4, 4], 'r': [224]}",2022-11-01 16:19:20.988678,6386960,0,362106496,77.062
"{'wid': None, 'ks': [7, 5, 5, 5, 5, 5, 7, 7, 5, 5, 5, 3, 3, 5, 5, 5, 7, 7, 7, 5], 'e': [3, 6, 4, 6, 6, 6, 4, 6, 6, 4, 6, 6, 3, 4, 4, 6, 6, 4, 6, 6], 'd': [3, 4, 3, 4, 4], 'r': [224]}",2022-11-01 16:21:38.992448,6470632,0,370564896,77.03
"{'wid': None, 'ks': [7, 7, 7, 7, 5, 5, 7, 5, 5, 7, 5, 5, 5, 7, 3, 7, 5, 7, 7, 7], 'e': [4, 6, 6, 4, 4, 6, 6, 6, 6, 6, 6, 4, 6, 4, 4, 6, 6, 4, 3, 6], 'd': [4, 4, 3, 4, 4], 'r': [224]}",2022-11-01 16:24:47.759037,6188736,0,451115392,77.144
"{'wid': None, 'ks': [5, 3, 7, 7, 7, 3, 5, 5, 7, 7, 5, 5, 3, 7, 5, 7, 7, 5, 7, 7], 'e': [4, 4, 4, 6, 6, 6, 6, 6, 6, 4, 4, 3, 4, 4, 6, 3, 6, 4, 4, 4], 'd': [4, 4, 3, 4, 4], 'r': [224]}",2022-11-01 16:27:21.695709,5724472,0,393099680,77.008
"{'wid': None, 'ks': [7, 5, 5, 7, 7, 5, 7, 7, 7, 5, 7, 5, 5, 7, 3, 5, 5, 7, 7, 7], 'e': [4, 6, 4, 6, 6, 6, 4, 6, 6, 4, 6, 6, 4, 4, 4, 6, 6, 6, 4, 4], 'd': [4, 3, 4, 4, 4], 'r': [224]}",2022-11-01 16:30:09.891271,6212136,0,419615392,77.108
"{'wid': None, 'ks': [7, 3, 5, 5, 7, 5, 5, 5, 5, 7, 5, 5, 5, 7, 3, 5, 3, 7, 7, 3], 'e': [4, 3, 4, 6, 6, 6, 4, 4, 6, 4, 4, 4, 6, 4, 6, 6, 6, 4, 4, 4], 'd': [4, 4, 4, 4, 4], 'r': [224]}",2022-11-01 16:32:36.107153,6024840,0,394771552,77.206
"{'wid': None, 'ks': [5, 5, 7, 5, 5, 7, 7, 7, 7, 5, 7, 3, 3, 5, 3, 5, 5, 7, 7, 5], 'e': [3, 6, 6, 6, 6, 6, 4, 3, 6, 4, 6, 4, 4, 4, 4, 6, 6, 6, 4, 4], 'd': [3, 4, 4, 4, 4], 'r': [224]}",2022-11-01 16:35:04.101419,6161640,0,390433184,77.07
"{'wid': None, 'ks': [7, 3, 5, 5, 7, 5, 5, 5, 5, 3, 5, 5, 5, 7, 3, 5, 3, 5, 7, 3], 'e': [4, 3, 4, 6, 4, 4, 4, 4, 4, 4, 6, 4, 6, 4, 4, 4, 6, 4, 4, 4], 'd': [4, 4, 4, 4, 4], 'r': [224]}",2022-11-01 16:37:18.091567,5614464,0,358171552,77.018
"{'wid': None, 'ks': [7, 5, 5, 7, 7, 7, 5, 5, 5, 7, 5, 5, 5, 7, 3, 5, 5, 7, 7, 3], 'e': [6, 6, 4, 4, 6, 6, 6, 6, 3, 4, 6, 4, 6, 4, 6, 6, 4, 4, 4, 4], 'd': [4, 4, 3, 4, 4], 'r': [224]}",2022-11-01 16:40:09.207393,5861696,0,423994144,76.954
"{'wid': None, 'ks': [7, 7, 7, 7, 7, 5, 5, 5, 5, 7, 5, 7, 3, 7, 5, 5, 7, 3, 7, 5], 'e': [4, 4, 4, 6, 6, 4, 6, 4, 6, 6, 6, 4, 4, 4, 4, 6, 6, 4, 6, 3], 'd': [4, 4, 4, 4, 4], 'r': [224]}",2022-11-01 16:43:05.872294,6073224,0,430017536,77.208
"{'wid': None, 'ks': [5, 5, 5, 7, 5, 7, 7, 7, 7, 5, 7, 5, 5, 5, 7, 7, 5, 7, 7, 7], 'e': [4, 6, 6, 6, 6, 6, 6, 4, 6, 4, 6, 6, 4, 4, 4, 6, 6, 4, 6, 6], 'd': [3, 4, 3, 4, 4], 'r': [224]}",2022-11-01 16:45:39.253301,6573208,0,401296224,77.102
"{'wid': None, 'ks': [5, 7, 7, 7, 7, 7, 5, 5, 5, 5, 5, 3, 3, 7, 3, 7, 7, 5, 7, 5], 'e': [3, 4, 4, 6, 4, 4, 4, 4, 4, 4, 6, 4, 6, 4, 4, 4, 6, 6, 6, 6], 'd': [4, 4, 4, 4, 3], 'r': [224]}",2022-11-01 16:48:15.592394,5981480,0,388195488,76.97
"{'wid': None, 'ks': [7, 5, 5, 7, 5, 7, 7, 7, 7, 5, 7, 5, 5, 7, 5, 5, 7, 7, 7, 7], 'e': [4, 6, 6, 6, 6, 6, 6, 3, 6, 4, 6, 4, 4, 4, 4, 6, 6, 6, 6, 4], 'd': [3, 4, 4, 4, 4], 'r': [224]}",2022-11-01 16:50:54.381547,6624896,0,411294944,77.258
"{'wid': None, 'ks': [5, 3, 5, 7, 7, 5, 7, 7, 7, 7, 5, 7, 5, 5, 3, 7, 3, 7, 7, 7], 'e': [6, 6, 4, 6, 6, 6, 6, 6, 6, 4, 4, 4, 6, 4, 6, 6, 6, 4, 3, 6], 'd': [4, 3, 4, 4, 4], 'r': [224]}",2022-11-01 16:53:38.667636,6306040,0,430939648,77.084
"{'wid': None, 'ks': [7, 3, 7, 7, 7, 5, 5, 7, 7, 7, 5, 5, 5, 7, 3, 5, 7, 3, 7, 5], 'e': [4, 6, 4, 4, 4, 6, 6, 6, 6, 6, 6, 4, 6, 4, 4, 6, 6, 4, 4, 6], 'd': [3, 3, 3, 4, 4], 'r': [224]}",2022-11-01 16:55:53.103213,6214264,0,366108704,77.062
"{'wid': None, 'ks': [7, 3, 5, 5, 7, 5, 5, 5, 5, 7, 5, 5, 5, 7, 3, 3, 3, 3, 7, 3], 'e': [4, 3, 4, 6, 6, 4, 4, 4, 4, 4, 6, 4, 6, 4, 4, 4, 6, 4, 4, 4], 'd': [4, 4, 4, 4, 4], 'r': [224]}",2022-11-01 16:58:10.090207,5622448,0,365742496,77.09
"{'wid': None, 'ks': [7, 7, 5, 7, 7, 5, 7, 5, 7, 7, 5, 3, 5, 7, 3, 7, 7, 7, 7, 7], 'e': [6, 4, 4, 6, 4, 4, 6, 4, 6, 4, 4, 4, 6, 4, 6, 6, 6, 4, 3, 6], 'd': [4, 4, 4, 4, 4], 'r': [224]}",2022-11-01 17:01:11.900523,6325272,0,442154496,77.164
"{'wid': None, 'ks': [3, 5, 5, 5, 3, 5, 7, 7, 3, 5, 7, 5, 3, 5, 5, 5, 5, 5, 7, 5], 'e': [4, 4, 6, 4, 6, 6, 6, 4, 6, 4, 6, 6, 3, 4, 4, 6, 6, 4, 6, 4], 'd': [3, 4, 3, 4, 4], 'r': [224]}",2022-11-01 17:03:21.082607,6075368,0,361901280,76.872
"{'wid': None, 'ks': [7, 7, 7, 5, 7, 5, 7, 5, 5, 3, 7, 3, 5, 7, 5, 5, 7, 7, 7, 7], 'e': [4, 4, 4, 4, 6, 6, 6, 6, 6, 4, 4, 4, 6, 4, 4, 6, 6, 4, 3, 3], 'd': [3, 3, 4, 4, 4], 'r': [224]}",2022-11-01 17:05:47.281217,5594936,0,368948128,76.94
"{'wid': None, 'ks': [5, 3, 5, 7, 7, 3, 5, 5, 7, 7, 5, 5, 3, 5, 5, 7, 5, 3, 7, 5], 'e': [4, 4, 4, 6, 6, 4, 6, 4, 6, 4, 4, 3, 4, 4, 6, 3, 6, 4, 4, 4], 'd': [4, 4, 3, 4, 4], 'r': [224]}",2022-11-01 17:08:09.594794,5617480,0,369518752,76.978
"{'wid': None, 'ks': [5, 7, 7, 7, 5, 5, 7, 5, 5, 5, 5, 3, 3, 5, 3, 7, 7, 5, 7, 5], 'e': [3, 4, 4, 6, 4, 6, 4, 3, 6, 6, 6, 4, 6, 4, 4, 4, 6, 6, 6, 6], 'd': [4, 4, 4, 4, 3], 'r': [224]}",2022-11-01 17:10:48.593792,6027800,0,397544160,77.038
"{'wid': None, 'ks': [7, 7, 7, 7, 7, 7, 5, 5, 5, 7, 5, 7, 5, 7, 5, 7, 5, 3, 7, 5], 'e': [4, 4, 4, 6, 4, 6, 6, 4, 6, 4, 6, 4, 4, 4, 6, 4, 6, 4, 6, 6], 'd': [4, 4, 4, 4, 4], 'r': [224]}",2022-11-01 17:13:51.181754,6572520,0,438394464,77.228
"{'wid': None, 'ks': [7, 7, 7, 7, 7, 7, 5, 5, 5, 7, 5, 7, 5, 7, 7, 7, 7, 3, 7, 5], 'e': [4, 4, 4, 6, 4, 4, 6, 4, 6, 4, 6, 4, 6, 4, 4, 4, 6, 6, 6, 3], 'd': [4, 4, 4, 4, 4], 'r': [224]}",2022-11-01 17:16:50.983117,6337144,0,425949632,77.178
"{'wid': None, 'ks': [7, 3, 5, 7, 7, 7, 5, 5, 5, 7, 5, 5, 5, 7, 3, 7, 7, 5, 7, 3], 'e': [6, 6, 4, 6, 6, 6, 6, 6, 4, 4, 6, 4, 4, 4, 6, 6, 6, 4, 4, 4], 'd': [4, 4, 4, 4, 4], 'r': [224]}",2022-11-01 17:19:49.583893,6041320,0,448453664,77.15
"{'wid': None, 'ks': [5, 7, 7, 7, 7, 7, 7, 7, 7, 5, 7, 5, 5, 5, 3, 7, 7, 7, 7, 5], 'e': [4, 6, 6, 6, 4, 6, 6, 3, 6, 6, 6, 4, 6, 4, 4, 6, 6, 6, 6, 6], 'd': [4, 4, 4, 4, 3], 'r': [224]}",2022-11-01 17:23:07.849415,6319096,0,468241248,77.104
"{'wid': None, 'ks': [7, 7, 5, 7, 7, 5, 7, 7, 7, 7, 5, 3, 5, 7, 3, 7, 7, 7, 7, 7], 'e': [6, 6, 4, 4, 4, 6, 6, 6, 6, 4, 4, 4, 6, 4, 6, 6, 6, 6, 4, 6], 'd': [3, 4, 3, 4, 4], 'r': [224]}",2022-11-01 17:25:59.299529,6844496,0,429099744,77.114
"{'wid': None, 'ks': [5, 5, 5, 7, 5, 7, 7, 7, 7, 5, 7, 5, 5, 5, 7, 5, 7, 7, 7, 5], 'e': [4, 6, 6, 6, 6, 6, 6, 3, 6, 4, 6, 4, 6, 4, 6, 6, 6, 6, 4, 4], 'd': [3, 4, 4, 4, 4], 'r': [224]}",2022-11-01 17:28:36.576375,6519568,0,418663840,77.272
"{'wid': None, 'ks': [7, 7, 7, 7, 5, 7, 7, 5, 5, 3, 5, 5, 5, 7, 7, 7, 5, 7, 7, 7], 'e': [4, 6, 6, 4, 4, 6, 6, 3, 6, 6, 6, 4, 6, 4, 4, 6, 6, 4, 4, 6], 'd': [3, 4, 3, 4, 4], 'r': [224]}",2022-11-01 17:31:28.282435,6296680,0,419259040,77.034
"{'wid': None, 'ks': [5, 3, 5, 7, 7, 5, 7, 7, 7, 7, 5, 5, 5, 5, 3, 7, 3, 5, 7, 7], 'e': [6, 6, 4, 6, 4, 6, 6, 6, 6, 4, 6, 4, 6, 4, 6, 4, 6, 4, 3, 6], 'd': [4, 4, 4, 4, 4], 'r': [224]}",2022-11-01 17:34:18.875793,6175904,0,439706624,77.218
"{'wid': None, 'ks': [5, 7, 7, 7, 7, 5, 7, 7, 7, 5, 7, 5, 5, 7, 7, 5, 7, 7, 7, 7], 'e': [4, 6, 4, 6, 6, 6, 6, 3, 6, 6, 6, 4, 6, 6, 4, 6, 6, 6, 6, 6], 'd': [4, 4, 4, 4, 3], 'r': [224]}",2022-11-01 17:37:34.186342,6521392,0,470662880,77.22
"{'wid': None, 'ks': [7, 7, 7, 7, 7, 7, 7, 7, 7, 7, 5, 7, 5, 7, 7, 7, 7, 5, 7, 7], 'e': [4, 4, 6, 6, 6, 6, 6, 4, 6, 4, 6, 4, 6, 4, 6, 4, 6, 6, 6, 6], 'd': [4, 4, 4, 4, 4], 'r': [224]}",2022-11-01 17:41:01.852223,7138496,0,486736672,77.316
"{'wid': None, 'ks': [7, 7, 5, 7, 5, 5, 7, 5, 5, 7, 5, 5, 5, 7, 5, 7, 7, 7, 7, 7], 'e': [4, 6, 6, 4, 4, 6, 6, 6, 6, 6, 6, 4, 6, 4, 6, 6, 6, 6, 4, 6], 'd': [4, 4, 4, 4, 4], 'r': [224]}",2022-11-01 17:44:13.172197,6976848,0,474157792,77.29
"{'wid': None, 'ks': [3, 3, 7, 5, 7, 7, 5, 5, 3, 7, 5, 5, 5, 5, 5, 5, 7, 5, 7, 5], 'e': [4, 6, 4, 4, 6, 6, 6, 6, 6, 4, 4, 3, 6, 6, 3, 6, 6, 4, 6, 4], 'd': [4, 4, 4, 4, 4], 'r': [224]}",2022-11-01 17:46:42.873369,6393400,0,411520672,77.162
"{'wid': None, 'ks': [7, 7, 7, 5, 7, 7, 5, 5, 5, 3, 5, 7, 5, 7, 7, 5, 7, 5, 7, 5], 'e': [4, 4, 4, 6, 4, 6, 6, 6, 6, 4, 6, 4, 6, 4, 6, 6, 6, 4, 6, 6], 'd': [4, 4, 4, 4, 4], 'r': [224]}",2022-11-01 17:49:42.767085,6896704,0,451923552,77.344
"{'wid': None, 'ks': [7, 7, 7, 5, 7, 5, 7, 7, 7, 7, 7, 7, 5, 5, 7, 5, 7, 7, 7, 5], 'e': [4, 6, 4, 6, 6, 6, 6, 3, 6, 6, 6, 4, 6, 6, 4, 6, 6, 6, 6, 6], 'd': [4, 4, 4, 4, 4], 'r': [224]}",2022-11-01 17:52:58.076215,7319904,0,481933472,77.386
"{'wid': None, 'ks': [5, 5, 5, 5, 7, 7, 7, 7, 5, 5, 7, 5, 5, 5, 7, 5, 7, 7, 7, 5], 'e': [4, 6, 6, 6, 6, 6, 6, 6, 6, 4, 6, 6, 3, 4, 6, 6, 6, 4, 4, 6], 'd': [3, 4, 3, 4, 4], 'r': [224]}",2022-11-01 17:55:35.704708,6350280,0,410132064,77.056
"{'wid': None, 'ks': [5, 5, 5, 7, 5, 5, 7, 5, 5, 7, 5, 5, 5, 7, 3, 7, 5, 7, 7, 7], 'e': [4, 6, 4, 4, 4, 6, 6, 6, 6, 4, 4, 4, 6, 4, 6, 4, 6, 4, 3, 6], 'd': [3, 4, 3, 4, 4], 'r': [224]}",2022-11-01 17:57:52.705399,6093568,0,370319488,77.02
"{'wid': None, 'ks': [5, 7, 7, 7, 5, 5, 7, 5, 5, 3, 5, 5, 5, 7, 5, 7, 5, 7, 7, 7], 'e': [4, 6, 6, 6, 6, 6, 6, 4, 6, 4, 6, 4, 4, 4, 4, 6, 6, 4, 4, 6], 'd': [4, 4, 3, 4, 4], 'r': [224]}",2022-11-01 18:01:01.589703,6186952,0,448817184,77.038
"{'wid': None, 'ks': [5, 5, 5, 7, 7, 7, 5, 5, 5, 7, 5, 7, 5, 7, 5, 5, 5, 5, 7, 5], 'e': [4, 4, 4, 6, 4, 4, 6, 4, 6, 4, 6, 4, 4, 4, 4, 4, 6, 4, 6, 6], 'd': [4, 4, 4, 4, 4], 'r': [224]}",2022-11-01 18:03:37.872354,6354808,0,398354912,77.138
"{'wid': None, 'ks': [7, 7, 7, 7, 7, 7, 5, 7, 5, 7, 5, 7, 5, 7, 5, 3, 7, 3, 7, 5], 'e': [4, 6, 4, 4, 4, 6, 6, 6, 6, 4, 6, 4, 4, 4, 4, 4, 6, 4, 6, 3], 'd': [3, 4, 3, 4, 4], 'r': [224]}",2022-11-01 18:06:15.140072,5829056,0,384963328,76.946
"{'wid': None, 'ks': [5, 3, 7, 5, 7, 7, 5, 5, 7, 7, 5, 5, 3, 5, 5, 5, 7, 7, 7, 5], 'e': [4, 6, 4, 6, 6, 4, 6, 6, 6, 6, 4, 3, 6, 6, 3, 6, 6, 4, 6, 6], 'd': [4, 4, 4, 4, 4], 'r': [224]}",2022-11-01 18:08:54.904577,6788896,0,430960480,77.296
"{'wid': None, 'ks': [7, 7, 7, 7, 7, 7, 7, 7, 7, 7, 5, 7, 5, 7, 7, 7, 7, 5, 7, 7], 'e': [4, 6, 6, 6, 4, 6, 6, 4, 6, 4, 6, 4, 6, 6, 6, 4, 6, 6, 6, 6], 'd': [4, 4, 4, 4, 4], 'r': [224]}",2022-11-01 18:12:30.587998,7318520,0,506480288,77.364
"{'wid': None, 'ks': [5, 5, 7, 7, 7, 7, 7, 5, 5, 7, 7, 7, 5, 7, 3, 5, 7, 5, 7, 5], 'e': [6, 4, 4, 6, 6, 6, 6, 6, 6, 4, 6, 6, 6, 4, 4, 6, 6, 4, 6, 6], 'd': [4, 4, 3, 4, 4], 'r': [224]}",2022-11-01 18:15:31.693420,6667192,0,449578464,77.228
"{'wid': None, 'ks': [7, 7, 7, 7, 7, 7, 5, 7, 7, 3, 5, 7, 5, 7, 7, 7, 7, 7, 7, 5], 'e': [4, 6, 4, 6, 4, 4, 6, 4, 4, 4, 6, 4, 6, 4, 4, 6, 6, 4, 6, 6], 'd': [4, 4, 4, 4, 4], 'r': [224]}",2022-11-01 18:18:42.277829,6689080,0,454060960,77.178
"{'wid': None, 'ks': [7, 7, 7, 7, 7, 7, 5, 5, 5, 7, 5, 7, 5, 7, 7, 7, 7, 7, 7, 5], 'e': [4, 4, 6, 6, 4, 6, 6, 6, 6, 6, 6, 4, 6, 4, 6, 6, 6, 6, 6, 6], 'd': [4, 4, 4, 4, 4], 'r': [224]}",2022-11-01 18:22:07.259788,7359136,0,496381472,77.336
"{'wid': None, 'ks': [5, 5, 5, 5, 3, 7, 5, 7, 7, 5, 7, 5, 5, 5, 7, 5, 5, 5, 7, 7], 'e': [4, 6, 6, 6, 6, 6, 4, 3, 6, 4, 6, 4, 4, 4, 4, 6, 6, 4, 4, 4], 'd': [3, 4, 3, 4, 4], 'r': [224]}",2022-11-01 18:24:26.491634,5744904,0,368322400,76.892
"{'wid': None, 'ks': [7, 7, 5, 7, 5, 5, 7, 5, 5, 3, 5, 5, 5, 7, 3, 7, 7, 5, 7, 7], 'e': [4, 6, 4, 4, 4, 6, 6, 4, 6, 4, 6, 4, 6, 4, 6, 6, 6, 4, 4, 6], 'd': [4, 4, 3, 4, 4], 'r': [224]}",2022-11-01 18:27:17.346254,6437016,0,426997536,77.112
"{'wid': None, 'ks': [5, 5, 7, 7, 5, 7, 7, 7, 7, 5, 7, 5, 3, 7, 5, 5, 5, 7, 7, 5], 'e': [4, 4, 6, 6, 6, 4, 6, 4, 6, 4, 6, 4, 3, 4, 4, 6, 6, 6, 6, 6], 'd': [3, 4, 4, 4, 4], 'r': [224]}",2022-11-01 18:29:50.783733,6899440,0,402216288,77.114
"{'wid': None, 'ks': [7, 7, 7, 7, 7, 7, 5, 5, 5, 7, 5, 7, 5, 7, 7, 7, 7, 7, 7, 5], 'e': [4, 4, 6, 6, 4, 6, 6, 6, 4, 6, 6, 4, 6, 4, 6, 6, 6, 6, 6, 6], 'd': [4, 4, 4, 4, 4], 'r': [224]}",2022-11-01 18:33:14.703424,7347216,0,492226272,77.298
"{'wid': None, 'ks': [7, 7, 7, 5, 7, 5, 5, 5, 5, 3, 5, 5, 5, 7, 7, 5, 5, 5, 7, 5], 'e': [4, 4, 4, 6, 4, 6, 6, 6, 6, 4, 6, 4, 6, 4, 4, 6, 6, 4, 4, 6], 'd': [4, 4, 3, 4, 4], 'r': [224]}",2022-11-01 18:35:59.992608,6242968,0,415355808,77.13
"{'wid': None, 'ks': [5, 7, 7, 7, 7, 7, 7, 5, 5, 7, 7, 7, 5, 7, 3, 5, 7, 5, 7, 7], 'e': [6, 4, 4, 6, 6, 6, 6, 6, 6, 4, 6, 6, 6, 4, 4, 6, 6, 4, 6, 6], 'd': [4, 4, 3, 4, 4], 'r': [224]}",2022-11-01 18:39:08.303143,6692536,0,457932768,77.186
"{'wid': None, 'ks': [7, 7, 7, 7, 5, 7, 5, 5, 5, 3, 7, 7, 5, 7, 7, 7, 7, 5, 7, 5], 'e': [4, 4, 6, 6, 4, 6, 6, 3, 6, 4, 6, 4, 6, 4, 6, 6, 6, 4, 6, 6], 'd': [3, 4, 4, 4, 4], 'r': [224]}",2022-11-01 18:41:56.180128,6879488,0,427270368,77.278
"{'wid': None, 'ks': [7, 3, 7, 7, 7, 7, 5, 5, 5, 7, 5, 5, 5, 7, 5, 5, 7, 5, 7, 3], 'e': [4, 3, 4, 6, 6, 4, 6, 4, 4, 4, 6, 4, 4, 4, 4, 4, 6, 4, 6, 6], 'd': [4, 4, 4, 4, 4], 'r': [224]}",2022-11-01 18:44:38.084088,6349408,0,402636192,77.16
"{'wid': None, 'ks': [5, 7, 5, 7, 5, 5, 7, 5, 5, 7, 5, 5, 5, 7, 5, 3, 7, 7, 7, 5], 'e': [4, 6, 6, 4, 4, 6, 6, 4, 6, 4, 6, 4, 6, 4, 6, 6, 6, 6, 4, 6], 'd': [4, 4, 4, 4, 4], 'r': [224]}",2022-11-01 18:47:33.580080,6864568,0,449785696,77.29
"{'wid': None, 'ks': [5, 3, 5, 5, 7, 5, 5, 5, 5, 7, 5, 5, 5, 7, 3, 5, 3, 7, 7, 3], 'e': [4, 3, 4, 6, 6, 6, 6, 4, 6, 6, 4, 3, 6, 4, 6, 6, 6, 4, 4, 4], 'd': [4, 4, 4, 4, 4], 'r': [224]}",2022-11-01 18:49:57.768828,6069008,0,400211616,77.202
"{'wid': None, 'ks': [7, 7, 7, 7, 7, 7, 5, 5, 5, 7, 5, 7, 5, 7, 7, 7, 5, 3, 7, 5], 'e': [4, 4, 4, 6, 6, 6, 6, 4, 6, 4, 6, 4, 6, 4, 6, 4, 6, 4, 6, 6], 'd': [4, 4, 4, 4, 4], 'r': [224]}",2022-11-01 18:53:05.689279,6700800,0,455393504,77.356
"{'wid': None, 'ks': [5, 7, 7, 5, 7, 5, 7, 7, 7, 7, 7, 7, 5, 5, 7, 5, 7, 7, 7, 5], 'e': [4, 6, 4, 6, 6, 6, 6, 3, 6, 6, 6, 4, 6, 6, 4, 6, 6, 6, 6, 6], 'd': [4, 4, 4, 4, 3], 'r': [224]}",2022-11-01 18:56:10.268475,6521008,0,460426976,77.17
"{'wid': None, 'ks': [5, 5, 7, 7, 7, 7, 5, 5, 5, 7, 5, 7, 3, 7, 5, 5, 7, 3, 7, 5], 'e': [4, 4, 4, 6, 6, 4, 6, 4, 6, 6, 6, 4, 4, 4, 4, 6, 6, 4, 6, 3], 'd': [4, 4, 4, 4, 4], 'r': [224]}",2022-11-01 18:58:57.951047,6073224,0,420985856,77.178
"{'wid': None, 'ks': [5, 5, 5, 7, 5, 5, 7, 5, 5, 5, 7, 5, 5, 5, 7, 5, 7, 7, 7, 5], 'e': [4, 6, 6, 6, 4, 6, 6, 3, 6, 4, 6, 4, 6, 4, 6, 6, 6, 6, 4, 4], 'd': [3, 4, 4, 4, 4], 'r': [224]}",2022-11-01 19:01:26.464546,6493728,0,404695456,77.258
"{'wid': None, 'ks': [7, 7, 7, 7, 7, 7, 7, 5, 7, 3, 5, 5, 5, 5, 7, 7, 7, 5, 7, 7], 'e': [4, 4, 6, 6, 4, 4, 6, 4, 6, 4, 6, 4, 6, 4, 6, 4, 6, 4, 6, 6], 'd': [4, 4, 4, 4, 4], 'r': [224]}",2022-11-01 19:04:37.286559,6694088,0,456861408,77.322
"{'wid': None, 'ks': [5, 7, 7, 7, 7, 5, 5, 5, 5, 5, 7, 5, 3, 7, 7, 5, 7, 7, 7, 5], 'e': [4, 6, 4, 6, 6, 4, 6, 3, 6, 6, 6, 4, 4, 6, 4, 6, 6, 4, 6, 6], 'd': [4, 4, 4, 4, 3], 'r': [224]}",2022-11-01 19:07:38.488826,5999808,0,442242080,76.988
"{'wid': None, 'ks': [7, 7, 7, 7, 5, 5, 7, 5, 5, 3, 5, 5, 5, 5, 3, 7, 5, 7, 7, 7], 'e': [4, 6, 4, 4, 4, 6, 6, 6, 6, 6, 4, 4, 6, 4, 4, 6, 6, 4, 4, 6], 'd': [4, 4, 3, 4, 4], 'r': [224]}",2022-11-01 19:10:32.354209,6273176,0,427824544,77.078
